Date,Price,SMA_5,SMA_20,EMA_5,EMA_20,Upper_Band_20,Lower_Band_20,High_20,Low_20,Target,predicted_price_change_direction
2024-05-20,0.1656879931688308,0.15461439788341516,0.14912284985184668,0.15587839702485856,0.14832416240706323,0.16711210660321363,0.13113359310047973,0.1656879931688308,0.1301340013742447,0.1704739928245544,0
2024-05-21,0.1704739928245544,0.15878179669380182,0.15113984942436215,0.16074359562475718,0.1504336700658719,0.16921042828638905,0.13306927056233525,0.1704739928245544,0.1321060061454773,0.1661629974842071,0
2024-05-22,0.1661629974842071,0.16090179681777947,0.15284269899129863,0.1625500629112405,0.1519317012485705,0.16974182074768795,0.1359435772349093,0.1704739928245544,0.1412310004234314,0.1596129983663559,0
2024-05-23,0.1596129983663559,0.16220899522304527,0.15351604893803592,0.16157104139627898,0.15266325335502626,0.17036478568450905,0.13666731219156278,0.1704739928245544,0.1412310004234314,0.1638029962778091,0
2024-05-24,0.1638029962778091,0.16514819562435146,0.1536983489990234,0.16231502635678902,0.15372418125243414,0.17092430323111638,0.13647239476693043,0.1704739928245544,0.1412310004234314,0.1739600002765655,0
2024-05-25,0.1739600002765655,0.1668025970458984,0.15434294864535328,0.16619668433004786,0.15565140211187523,0.1735777668305385,0.13510813046016806,0.1739600002765655,0.1412310004234314,0.1662199944257736,0
2024-05-26,0.1662199944257736,0.16595179736614224,0.15482354834675785,0.16620445436195644,0.1566579347131989,0.1747640431460933,0.1348830535474224,0.1739600002765655,0.1412310004234314,0.1690900027751922,0
2024-05-27,0.1690900027751922,0.16653719842433926,0.15576854869723317,0.16716630383303505,0.1578419411952935,0.17655777784266027,0.13497931955180606,0.1739600002765655,0.1412310004234314,0.1649619936943054,0
2024-05-28,0.1649619936943054,0.16760699748992916,0.15685194805264469,0.16643153378679185,0.15852004143329462,0.1771566914805918,0.13654720462469758,0.1739600002765655,0.1412310004234314,0.1636949926614761,0
2024-05-29,0.1636949926614761,0.16758539676666256,0.15743084773421284,0.1655193534116866,0.15901289393121665,0.1778271704027787,0.13703452506564698,0.1739600002765655,0.1412310004234314,0.1595440059900283,0
2024-05-30,0.1595440059900283,0.1647021979093551,0.1582064978778362,0.16352757093780051,0.15906347603205584,0.17761308567172376,0.13879991008394862,0.1739600002765655,0.1412310004234314,0.1591359972953796,0
2024-05-31,0.1591359972953796,0.16328539848327633,0.15901709794998165,0.16206371305699357,0.15907038281903904,0.17704101181918694,0.14099318408077635,0.1739600002765655,0.1412310004234314,0.1601999998092651,0
2024-06-01,0.1601999998092651,0.1615073978900909,0.1599655479192733,0.16144247530775077,0.15917796538953677,0.17592704654784017,0.14400404929070645,0.1739600002765655,0.1454190015792846,0.1572010070085525,0
2024-06-02,0.1572010070085525,0.15995520055294032,0.16040389835834498,0.16002865254135135,0.15898968363896684,0.17548946384485536,0.1453183328718346,0.1739600002765655,0.1454190015792846,0.158281996846199,1
2024-06-03,0.158281996846199,0.1588726013898849,0.1610470481216907,0.15944643397630057,0.15892228489679847,0.1744450869484298,0.14764900929495162,0.1739600002765655,0.1491069942712783,0.1614499986171722,1
2024-06-04,0.1614499986171722,0.1592537999153137,0.1613432481884956,0.16011428885659112,0.15916301953683407,0.17448687612664976,0.14819962025034145,0.1739600002765655,0.1491069942712783,0.163234993815422,-1
2024-06-05,0.163234993815422,0.16007359921932215,0.16202314794063563,0.1611545238428681,0.1595508266109853,0.173969371221481,0.15007692465979025,0.1739600002765655,0.1491069942712783,0.1601590067148208,-1
2024-06-06,0.1601590067148208,0.1600654006004333,0.16225294843316074,0.1608226848001857,0.1596087485256363,0.17384757964051162,0.15065831722580986,0.1739600002765655,0.1491069942712783,0.1483030021190643,-1
2024-06-07,0.1483030021190643,0.15828579962253567,0.1620142482221126,0.15664945723981188,0.15853201077262946,0.174561691065122,0.1494668053791032,0.1739600002765655,0.1483030021190643,0.1460590064525604,1
2024-06-08,0.1460590064525604,0.15584120154380793,0.1618618488311767,0.15311930697739473,0.15734410559928955,0.17512311060256958,0.14860058705978385,0.1739600002765655,0.1460590064525604,0.1467739939689636,1
2024-06-09,0.1467739939689636,0.1529060006141662,0.16091614887118336,0.15100420264125103,0.15633742830116326,0.17564497537582843,0.14618732236653828,0.1739600002765655,0.1460590064525604,0.1447400003671646,1
2024-06-10,0.1447400003671646,0.14920700192451475,0.15962944924831388,0.14891613521655556,0.15523291135506817,0.1753082015447108,0.14395069695191695,0.1739600002765655,0.1447400003671646,0.1381040066480636,1
2024-06-11,0.1381040066480636,0.1447960019111633,0.1582264997065067,0.14531209236039158,0.1536015870972582,0.17628460841271404,0.14016839100029937,0.1739600002765655,0.1381040066480636,0.1461959928274154,1
2024-06-12,0.1461959928274154,0.1443746000528335,0.15755564942955966,0.14560672584939954,0.15289629240489222,0.17637759934290456,0.13873369951621475,0.1739600002765655,0.1381040066480636,0.1410599946975708,1
2024-06-13,0.1410599946975708,0.14337479770183562,0.15641849935054775,0.14409114879878998,0.1517690259565759,0.17636568023258256,0.13647131846851293,0.1739600002765655,0.1381040066480636,0.1349699944257736,1
2024-06-14,0.1349699944257736,0.14101399779319762,0.15446899905800815,0.14105076400778455,0.1501691181917376,0.17481495792419277,0.13412304019182353,0.1690900027751922,0.1349699944257736,0.1365659981966018,1
2024-06-15,0.1365659981966018,0.13937919735908505,0.15298629924654955,0.13955584207072363,0.1488735829541056,0.17403643625557258,0.13193616223752652,0.1690900027751922,0.1349699944257736,0.1369370073080063,1
2024-06-16,0.1369370073080063,0.13914579749107356,0.15137864947319027,0.13868289714981785,0.14773676622590567,0.17215983540755267,0.13059746353882787,0.1649619936943054,0.1349699944257736,0.1288889944553375,1
2024-06-17,0.1288889944553375,0.135684397816658,0.14957499951124187,0.1354182629183244,0.14594174034299442,0.1716158147644372,0.12753418425804652,0.1636949926614761,0.1288889944553375,0.1222959980368614,1
2024-06-18,0.1222959980368614,0.13193159848451613,0.14750504978001114,0.1310441746245034,0.14368976488526747,0.17163894896963638,0.1233711505903859,0.163234993815422,0.1222959980368614,0.1223409995436668,1
2024-06-19,0.1223409995436668,0.12940579950809475,0.14564489945769304,0.12814311626422453,0.14165654913844836,0.1715422838051492,0.11974751511023689,0.163234993815422,0.1222959980368614,0.1244190037250518,1
2024-06-20,0.1244190037250518,0.12697640061378476,0.14390904977917668,0.1269017454178336,0.1400148781466963,0.17063955432419411,0.11717854523415924,0.163234993815422,0.1222959980368614,0.1240290030837059,-1
2024-06-21,0.1240290030837059,0.12439479976892469,0.14210049994289872,0.12594416463979105,0.13849241385498293,0.16908343237053539,0.11511756751526206,0.163234993815422,0.1222959980368614,0.1237889975309372,-1
2024-06-22,0.1237889975309372,0.12337480038404462,0.14042989946901796,0.12522577560350645,0.1370920884907881,0.16761287107161169,0.11324692786642424,0.163234993815422,0.1222959980368614,0.1222570016980171,-1
2024-06-23,0.1222570016980171,0.12336700111627577,0.13862864971160888,0.12423618430167668,0.13567922308195277,0.1656043036798186,0.11165299574339917,0.163234993815422,0.1222570016980171,0.1190430000424385,1
2024-06-24,0.1190430000424385,0.1227074012160301,0.13650829978287218,0.12250512288193063,0.1340948208877133,0.16258258269271889,0.11043401687302548,0.163234993815422,0.1190430000424385,0.1261530071496963,1
2024-06-25,0.1261530071496963,0.12305420190095902,0.1346542004495859,0.1237210843045192,0.1333384576745688,0.15784011411263052,0.11146828678654128,0.1601590067148208,0.1190430000424385,0.1226790025830268,-1
2024-06-26,0.1226790025830268,0.1227842018008232,0.1327802002429962,0.1233737237306884,0.13232327147537434,0.15317735690595638,0.11238304358003601,0.1483030021190643,0.1190430000424385,0.126910999417305,1
2024-06-27,0.126910999417305,0.12340860217809675,0.13171060010790822,0.12455281562622728,0.13180781699365346,0.150887440586121,0.11253375962969545,0.1467739939689636,0.1190430000424385,0.1227890029549598,-1
2024-06-28,0.1227890029549598,0.12351500242948528,0.13054709993302818,0.12396487806913813,0.13094888232330168,0.1488628206981421,0.11223137916791424,0.1467739939689636,0.1190430000424385,0.1216989979147911,1
2024-06-29,0.1216989979147911,0.1240462020039558,0.12929335013031956,0.12320958468435578,0.13006794095106258,0.14631965038583783,0.1122670498748013,0.1461959928274154,0.1190430000424385,0.1243050023913383,1
2024-06-30,0.1243050023913383,0.1236766010522842,0.12827160023152823,0.12357472392001663,0.12951908965966027,0.1437798725868299,0.11276332787622656,0.1461959928274154,0.1190430000424385,0.1234420016407966,1
2024-07-01,0.1234420016407966,0.12382920086383817,0.1275384999811649,0.12353048316027664,0.12894031937214945,0.142465028935279,0.1126119710270508,0.1461959928274154,0.1190430000424385,0.1250160038471222,1
2024-07-02,0.1250160038471222,0.12345020174980159,0.12647950053215024,0.1240256567225585,0.12856657503643257,0.1385680977448665,0.11439090331943395,0.1410599946975708,0.1190430000424385,0.1184709966182708,-1
2024-07-03,0.1184709966182708,0.1225866004824638,0.12535005062818522,0.1221741033544626,0.12760509137756001,0.13581472353360788,0.11488537772276254,0.1369370073080063,0.1184709966182708,0.1048870012164115,1
2024-07-04,0.1048870012164115,0.1192242011427879,0.12384590096771715,0.11641173597511223,0.12544146374316492,0.13683264156500796,0.11085916037042635,0.1369370073080063,0.1048870012164115,0.1055940017104148,1
2024-07-05,0.1055940017104148,0.11548200100660318,0.1222973011434078,0.11280582455354643,0.1235512292638554,0.13624820017907224,0.10834640210774335,0.1369370073080063,0.1048870012164115,0.1136149987578392,-1
2024-07-06,0.1136149987578392,0.1135166004300117,0.12113120071589945,0.11307554928831069,0.12260492159661576,0.13376654460790294,0.10849585682389594,0.1288889944553375,0.1048870012164115,0.1042319983243942,-1
2024-07-07,0.1042319983243942,0.1093597993254661,0.11989835090935226,0.1101276989670052,0.1208551193802137,0.1340653838222286,0.10573131799647592,0.126910999417305,0.1042319983243942,0.1075809970498085,1
2024-07-08,0.1075809970498085,0.10718179941177364,0.1191626008599996,0.10927879832793963,0.11959091725350846,0.13430049221030396,0.10402470950969524,0.126910999417305,0.1042319983243942,0.1075130030512809,1
2024-07-09,0.1075130030512809,0.10770699977874751,0.11842120103538031,0.10869019990238674,0.11844063971043917,0.13433615442055502,0.10250624765020559,0.126910999417305,0.1042319983243942,0.1080219969153404,1
2024-07-10,0.1080219969153404,0.10819259881973264,0.11760135069489475,0.1084674655733713,0.11744838801566786,0.13390010097671562,0.10130260041307389,0.126910999417305,0.1042319983243942,0.1066669970750808,-1
2024-07-11,0.1066669970750808,0.10680299848318095,0.1167332503944635,0.10786730940727446,0.11642158887846908,0.13343501456083423,0.10003148622809277,0.126910999417305,0.1042319983243942,0.1076849997043609,1
2024-07-12,0.1076849997043609,0.1074935987591743,0.11592805050313468,0.10780653950630328,0.11558953276664925,0.13274988928725678,0.09910621171901256,0.126910999417305,0.1042319983243942,0.112355999648571,-1
2024-07-13,0.112355999648571,0.1084485992789268,0.11543300040066237,0.10932302622039253,0.11528157723159418,0.13205214071268911,0.09881386008863562,0.126910999417305,0.1042319983243942,0.1154489964246749,-1
2024-07-14,0.1154489964246749,0.1100357979536056,0.1152533002197742,0.11136501628848666,0.11529752191664949,0.13178558113182076,0.09872101930772764,0.126910999417305,0.1042319983243942,0.125228002667427,-1
2024-07-15,0.125228002667427,0.11347699910402294,0.11520704999566074,0.11598601174813344,0.11624328198815212,0.13161565350807908,0.0987984464832424,0.126910999417305,0.1042319983243942,0.1249310001730918,-1
2024-07-16,0.1249310001730918,0.11712979972362511,0.11531964987516397,0.11896767455645291,0.11707068372005112,0.1319732243974847,0.09866607535284322,0.126910999417305,0.1042319983243942,0.1218840032815933,-1
2024-07-17,0.1218840032815933,0.11996960043907161,0.11506830006837838,0.11993978413149971,0.11752909510686466,0.13112635364832986,0.0990102464884269,0.125228002667427,0.1042319983243942,0.119496002793312,1
2024-07-18,0.119496002793312,0.1213976010680198,0.11490365006029601,0.11979185701877049,0.11771641964843108,0.1306936752830558,0.09911362483753623,0.125228002667427,0.1042319983243942,0.1254799962043762,1
2024-07-19,0.1254799962043762,0.12340380102396006,0.11509269997477527,0.1216879034139724,0.11845580789185442,0.13131004485731007,0.09887535509224046,0.1254799962043762,0.1042319983243942,0.1344300061464309,-1
2024-07-20,0.1344300061464309,0.12524420171976086,0.1155989501625299,0.12593527099145857,0.119977160106576,0.13356499952204615,0.09763290080301365,0.1344300061464309,0.1042319983243942,0.1401689946651458,-1
2024-07-21,0.1401689946651458,0.12829180061817164,0.11643529981374737,0.1306798455493543,0.12190019196929693,0.13726737998950506,0.09560321963798969,0.1401689946651458,0.1042319983243942,0.1378809958696365,-1
2024-07-22,0.1378809958696365,0.13149119913578028,0.11707854941487308,0.13308022898944838,0.12342217329313879,0.13974035557580766,0.0944167432539385,0.1401689946651458,0.1042319983243942,0.1303910017013549,1
2024-07-23,0.1303910017013549,0.13367019891738888,0.11767454966902728,0.1321838198934172,0.12408587123677842,0.14110451733693627,0.0942445820011183,0.1401689946651458,0.1042319983243942,0.1280879974365234,-1
2024-07-24,0.1280879974365234,0.13419179916381832,0.11883459948003287,0.13081854574111929,0.1244670261129446,0.14189324446722096,0.09577595449284478,0.1401689946651458,0.1042319983243942,0.1252209991216659,1
2024-07-25,0.1252209991216659,0.1323499977588653,0.1198159493505954,0.12895269686796818,0.12453883306615615,0.14216152225856865,0.09747037644262216,0.1401689946651458,0.1042319983243942,0.1343179941177368,-1
2024-07-26,0.1343179941177368,0.1311797976493835,0.1208510991185903,0.13074112928455772,0.12547018173773528,0.14389439383510222,0.09780780440207837,0.1401689946651458,0.1042319983243942,0.1315920054912567,1
2024-07-27,0.1315920054912567,0.12992199957370754,0.12221909947693343,0.13102475468679073,0.12605321257140398,0.14433821651461842,0.10009998243924846,0.1401689946651458,0.1066669970750808,0.130074992775917,-1
2024-07-28,0.130074992775917,0.12985879778861995,0.12334379926323887,0.13070816738316615,0.12643623925754807,0.14459965855537676,0.10208793997110097,0.1401689946651458,0.1066669970750808,0.1286740005016327,1
2024-07-29,0.1286740005016327,0.1299759984016418,0.12440184913575644,0.13003011175598833,0.1266493593760323,0.14440980770258457,0.10439389056892831,0.1401689946651458,0.1066669970750808,0.1255950033664703,1
2024-07-30,0.1255950033664703,0.1300507992506027,0.12528049945831293,0.12855174229281568,0.12654894451797877,0.14374352629019682,0.10681747262642903,0.1401689946651458,0.1066669970750808,0.1220140010118484,1
2024-07-31,0.1220140010118484,0.127590000629425,0.1260478496551513,0.12637249519915994,0.12611704513644253,0.14240972429786886,0.10968597501243375,0.1401689946651458,0.1076849997043609,0.1192359998822212,1
2024-08-01,0.1192359998822212,0.1251187995076179,0.12662539966404435,0.12399366342684703,0.12546170749318336,0.14094625477246134,0.11230454455562736,0.1401689946651458,0.112355999648571,0.1115079969167709,1
2024-08-02,0.1115079969167709,0.1214054003357887,0.12658299952745433,0.11983177459015498,0.12413278267638217,0.14108560812048315,0.1120803909344255,0.1401689946651458,0.1115079969167709,0.1081689968705177,1
2024-08-03,0.1081689968705177,0.11730439960956571,0.12621899954974647,0.11594418201694257,0.1226124221234427,0.14218940912887196,0.11024858997062098,0.1401689946651458,0.1081689968705177,0.1037330031394958,1
2024-08-04,0.1037330031394958,0.1129319995641708,0.1251442495733499,0.11187378905779366,0.12081438222020965,0.1440236040705645,0.10626489507613532,0.1401689946651458,0.1037330031394958,0.0945030003786087,1
2024-08-05,0.0945030003786087,0.10742979943752287,0.12362284958362577,0.10608352616473202,0.11830853633053337,0.14695383256619965,0.1002918666010519,0.1401689946651458,0.0945030003786087,0.0963710024952888,1
2024-08-06,0.0963710024952888,0.10285679996013637,0.12234719954431054,0.10284601827491761,0.1162192473938434,0.14867582741245108,0.09601857167617,0.1401689946651458,0.0945030003786087,0.0955149978399276,-1
2024-08-07,0.0955149978399276,0.09965820014476771,0.1211481492966413,0.1004023447965876,0.11424741410299427,0.15007916474702257,0.09221713384626004,0.1401689946651458,0.0945030003786087,0.1074040010571479,1
2024-08-08,0.1074040010571479,0.09950520098209377,0.1202443495392799,0.10273623021677437,0.11359566047958033,0.14972964290955243,0.09075905616900737,0.1401689946651458,0.0945030003786087,0.1039739996194839,-1
2024-08-09,0.1039739996194839,0.09955340027809138,0.11872154921293254,0.10314882001767756,0.11267931182623782,0.14826787327258523,0.08917522515327987,0.1401689946651458,0.0945030003786087,0.1052019968628883,-1
2024-08-10,0.1052019968628883,0.10169319957494731,0.11697319932281966,0.10383321229941447,0.1119671865916331,0.14528845778473962,0.0886579408608997,0.1378809958696365,0.0945030003786087,0.1005659997463226,1
2024-08-11,0.1005659997463226,0.10253219902515406,0.11510744951665397,0.10274414144838387,0.1108813592730321,0.14252534854208349,0.08768955049122445,0.1343179941177368,0.0945030003786087,0.1077670007944107,-1
2024-08-12,0.1077670007944107,0.10498259961605068,0.11397624947130676,0.10441842789705949,0.11058475370363957,0.1405943026537483,0.08735819628886521,0.1343179941177368,0.0945030003786087,0.1064160019159317,-1
2024-08-13,0.1064160019159317,0.10478499978780745,0.11289264969527717,0.10508428590335023,0.11018772972385787,0.13884810031555564,0.08693719907499871,0.1343179941177368,0.0945030003786087,0.1025549992918968,-1
2024-08-14,0.1025549992918968,0.10450119972229002,0.11175934970378873,0.10424119036619908,0.10946080301605206,0.13742602754492148,0.08609267186265598,0.1343179941177368,0.0945030003786087,0.1002670004963874,1
2024-08-15,0.1002670004963874,0.10351420044898985,0.11005680002272127,0.10291646040959519,0.108585202776084,0.13387366849570506,0.08623993154973747,0.1315920054912567,0.0945030003786087,0.1004389971494674,1
2024-08-16,0.1004389971494674,0.10348879992961879,0.10849914960563181,0.10209063932288592,0.10780937366878718,0.1303821729435228,0.08661612626774082,0.130074992775917,0.0945030003786087,0.1027550026774406,1
2024-08-17,0.1027550026774406,0.10248640030622477,0.10713315010070797,0.10231209377440416,0.10732800500294465,0.1266255291616133,0.08764077103980264,0.1286740005016327,0.0945030003786087,0.1001719981431961,1
2024-08-18,0.1001719981431961,0.10123759955167766,0.10570804998278613,0.10159872856400148,0.10664648054011144,0.12255789577664636,0.0888582041889259,0.1255950033664703,0.0945030003786087,0.1015039980411529,1
2024-08-19,0.1015039980411529,0.10102739930152889,0.10450349971652026,0.10156715172305197,0.10615672030211538,0.11858425553900459,0.09042274389403593,0.1220140010118484,0.0945030003786087,0.1030009984970092,1
2024-08-20,0.1030009984970092,0.10157419890165324,0.1035528495907783,0.10204510064770439,0.10585617536829575,0.11497154748500796,0.09213415169654865,0.1192359998822212,0.0945030003786087,0.1061569973826408,-1
2024-08-21,0.1061569973826408,0.10271779894828792,0.10289889946579929,0.1034157328926832,0.10588482508394766,0.11174380891387556,0.09405399001772302,0.1115079969167709,0.0945030003786087,0.1053080037236213,-1
2024-08-22,0.1053080037236213,0.10322839915752406,0.1025888998061418,0.10404648983632925,0.10582988971629753,0.11055420930965569,0.09462359030262792,0.1081689968705177,0.0945030003786087,0.112926997244358,-1
2024-08-23,0.112926997244358,0.10577939897775643,0.10282679982483382,0.10700665897233884,0.10650580471896995,0.11172358914018708,0.09393001050948056,0.112926997244358,0.0945030003786087,0.1126310005784034,-1
2024-08-24,0.1126310005784034,0.10800479948520654,0.10327169969677921,0.10888143950769369,0.10708915670558265,0.1131905123976509,0.09335288699590752,0.112926997244358,0.0945030003786087,0.1096979975700378,-1
2024-08-25,0.1096979975700378,0.10934419929981228,0.10403144955635066,0.10915362552847507,0.10733761774029267,0.11343672618584366,0.09462617292685765,0.112926997244358,0.0955149978399276,0.1052919998764991,-1
2024-08-26,0.1052919998764991,0.10917119979858392,0.10447749942541118,0.10786641697781643,0.10714279699135995,0.11317243035625435,0.09578256849456801,0.112926997244358,0.0955149978399276,0.0990559980273246,-1
2024-08-27,0.0990559980273246,0.10792079865932458,0.10465454943478103,0.10492961066098583,0.10637262566145182,0.11270109785612537,0.0966080010134367,0.112926997244358,0.0990559980273246,0.0996270030736923,1
2024-08-28,0.0996270030736923,0.10526079982519143,0.10426569953560824,0.10316207479855466,0.10573018541499854,0.11250221164128886,0.09602918742992762,0.112926997244358,0.0990559980273246,0.1004249975085258,1
2024-08-29,0.1004249975085258,0.10281959921121593,0.10408824943006034,0.10224971570187838,0.1052249294239059,0.11250223225114235,0.09567426660897833,0.112926997244358,0.0990559980273246,0.1020430028438568,1
2024-08-30,0.1020430028438568,0.10128860026597972,0.10393029972910876,0.1021808114158712,0.10492188879723456,0.11237479835474891,0.09548580110346862,0.112926997244358,0.0990559980273246,0.1013320013880729,1
2024-08-31,0.1013320013880729,0.10049660056829449,0.10396859981119629,0.10189787473993843,0.10457999475826679,0.11235560351557101,0.09558159610682156,0.112926997244358,0.0990559980273246,0.0953539982438087,1
2024-09-01,0.0953539982438087,0.09975620061159131,0.10334794968366619,0.09971658257456185,0.1037013284235565,0.11236492871355801,0.09433097065377437,0.112926997244358,0.0953539982438087,0.0991149991750717,1
2024-09-02,0.0991149991750717,0.09965379983186717,0.10298289954662318,0.0995160547747318,0.10326453516179605,0.11206779470146083,0.09389800439178553,0.112926997244358,0.0953539982438087,0.0967189967632293,1
2024-09-03,0.0967189967632293,0.09891259968280788,0.10269109942018981,0.09858370210423098,0.10264115055240874,0.11219891562918831,0.0931832832111913,0.112926997244358,0.0953539982438087,0.0980250015854835,1
2024-09-04,0.0980250015854835,0.09810899943113321,0.10257899947464462,0.09839746859798182,0.10220151731746349,0.1122584741070744,0.09289952484221484,0.112926997244358,0.0953539982438087,0.0983090028166771,-1
2024-09-05,0.0983090028166771,0.09750439971685405,0.1024724997580051,0.0983679800042136,0.10183080165072192,0.11229690016798002,0.09264809934803017,0.112926997244358,0.0953539982438087,0.0924839973449707,-1
2024-09-06,0.0924839973449707,0.09693039953708646,0.1019589494913816,0.09640665245113264,0.10094062981207895,0.11274763948797595,0.09117025949478724,0.112926997244358,0.0924839973449707,0.0952610000967979,1
2024-09-07,0.0952610000967979,0.0961595997214317,0.1017133995890617,0.09602476833302107,0.10039971269633789,0.11288991290596125,0.09053688627216215,0.112926997244358,0.0924839973449707,0.0960799977183342,1
2024-09-08,0.0960799977183342,0.09603179991245267,0.10144219957292075,0.09604317812812546,0.09998831126986135,0.11289980119379107,0.08998459795205042,0.112926997244358,0.0924839973449707,0.1038289964199066,-1
2024-09-09,0.1038289964199066,0.0971925988793373,0.10148359946906563,0.09863845089205252,0.1003540908079609,0.11297086181400766,0.0899963371241236,0.112926997244358,0.0924839973449707,0.1027119979262352,-1
2024-09-10,0.1027119979262352,0.09807319790124892,0.10131134949624535,0.09999629990344676,0.10057865339065368,0.11260523788086779,0.0900174611116229,0.112926997244358,0.0924839973449707,0.1013780012726783,-1
2024-09-11,0.1013780012726783,0.09985199868679044,0.10111484937369819,0.10045686702652394,0.10065478176037032,0.11225161208004815,0.08997808666734823,0.112926997244358,0.0924839973449707,0.1027989983558654,-1
2024-09-12,0.1027989983558654,0.10135959833860393,0.10060844942927356,0.10123757746963777,0.10085899286470319,0.11031261293502158,0.09090428592352555,0.1126310005784034,0.0924839973449707,0.1071140021085739,-1
2024-09-13,0.1071140021085739,0.10356639921665187,0.10033259950578208,0.10319638568261648,0.10145470803078611,0.10883733336180898,0.09182786564975517,0.1096979975700378,0.0924839973449707,0.1054669991135597,-1
2024-09-14,0.1054669991135597,0.1038939997553825,0.10012104958295817,0.10395325682626422,0.10183683099105026,0.10781692922355648,0.09242516994235986,0.1071140021085739,0.0924839973449707,0.1029329970479011,1
2024-09-15,0.1029329970479011,0.10393819957971569,0.10000309944152827,0.10361317023347652,0.10194122775836938,0.10743299996140201,0.09257319892165453,0.1071140021085739,0.0924839973449707,0.0996930003166198,1
2024-09-16,0.0996930003166198,0.10360119938850398,0.10003494955599306,0.10230644692785762,0.10172711085915513,0.107453207615459,0.09261669149652711,0.1071140021085739,0.0924839973449707,0.1011369973421096,1
2024-09-17,0.1011369973421096,0.10326879918575282,0.1001104492694139,0.10191663039927495,0.10167090957181746,0.10754194993080021,0.09267894860802758,0.1071140021085739,0.0924839973449707,0.1035849973559379,1
2024-09-18,0.1035849973559379,0.10256299823522563,0.1002684492617845,0.10247275271816261,0.10185320364649558,0.10786073722898049,0.09267616129458853,0.1071140021085739,0.0924839973449707,0.1050309985876083,-1
2024-09-19,0.1050309985876083,0.10247579813003534,0.10041784904897208,0.10332550134131119,0.10215585078374441,0.10827030295274886,0.0925653951451953,0.1071140021085739,0.0924839973449707,0.1054710000753402,1
2024-09-20,0.1054710000753402,0.10298339873552316,0.10062479898333546,0.10404066758598754,0.10247157928770591,0.10879060701395607,0.09245899095271484,0.1071140021085739,0.0924839973449707,0.1100490018725395,-1
2024-09-21,0.1100490018725395,0.10505459904670711,0.101359549164772,0.10604344568150487,0.10319323858149958,0.11014912554933319,0.0925699727802108,0.1100490018725395,0.0924839973449707,0.1063390001654625,-1
2024-09-22,0.1063390001654625,0.10609499961137767,0.10172074921429153,0.1061419638428241,0.10349283492282939,0.1107133393796704,0.09272815904891266,0.1100490018725395,0.0924839973449707,0.1081560030579567,1
2024-09-23,0.1081560030579567,0.10700920075178144,0.10229259952902789,0.1068133102478683,0.1039369461737939,0.11139981389015993,0.09318538516789585,0.1100490018725395,0.0924839973449707,0.109774999320507,-1
2024-09-24,0.109774999320507,0.10795800089836119,0.10288009941577907,0.10780053993874787,0.10449295123538563,0.11233739646855684,0.0934228023630013,0.1100490018725395,0.0924839973449707,0.1085039973258972,-1
2024-09-25,0.1085039973258972,0.10856460034847257,0.10338984914124008,0.10803502573446433,0.10487495562495816,0.11290856896636954,0.09387112931611062,0.1100490018725395,0.0924839973449707,0.1181759983301162,1
2024-09-26,0.1181759983301162,0.11018999963998792,0.10467444919049736,0.11141534993301497,0.10614172159687797,0.11490409946462142,0.0944447989163733,0.1181759983301162,0.0952610000967979,0.1237139999866485,-1
2024-09-27,0.1237139999866485,0.11366499960422512,0.10609709918498988,0.11551489995089283,0.10781527191971325,0.11849811865084679,0.09369607971913298,0.1237139999866485,0.0960799977183342,0.1286710053682327,-1
2024-09-28,0.1286710053682327,0.11776800006628033,0.10772664956748482,0.11990026842333946,0.10980153224814367,0.12285146589597001,0.09260183323899962,0.1286710053682327,0.0996930003166198,0.1246739998459816,-1
2024-09-29,0.1246739998459816,0.12074780017137524,0.10876889973878856,0.12149151223088686,0.11121795773365203,0.12554548492937673,0.0919923145482004,0.1286710053682327,0.0996930003166198,0.1144279986619949,1
2024-09-30,0.1144279986619949,0.12193260043859477,0.10935469977557655,0.11913700770792288,0.11152367591730374,0.12605882285950723,0.09265057669164586,0.1286710053682327,0.0996930003166198,0.1070429980754852,-1
2024-10-01,0.1070429980754852,0.11970600038766858,0.10963794961571689,0.11510567116377698,0.1110969446942734,0.12596031621605386,0.09331558301537993,0.1286710053682327,0.0996930003166198,0.1047590002417564,1
2024-10-02,0.1047590002417564,0.11591500043869016,0.10973594971001147,0.1116567808564368,0.11049333093689083,0.12590827276424238,0.09356362665578057,0.1286710053682327,0.0996930003166198,0.1050990000367164,1
2024-10-03,0.1050990000367164,0.11120059937238691,0.10963519960641858,0.10947085391653001,0.10997958513687422,0.12590113325535396,0.09336926595748322,0.1286710053682327,0.0996930003166198,0.109264001250267,1
2024-10-04,0.109264001250267,0.10811859965324397,0.10982504971325395,0.1094019030277757,0.10991143429053069,0.1259743587719597,0.0936757406545482,0.1286710053682327,0.0996930003166198,0.1094869971275329,1
2024-10-05,0.1094869971275329,0.10713039934635157,0.11015274971723552,0.10943026772769476,0.10987101170357852,0.12597589740699092,0.09432960202748011,0.1286710053682327,0.0996930003166198,0.1114799976348877,1
2024-10-06,0.1114799976348877,0.10801779925823207,0.11074209958314891,0.11011351103009241,0.11002424845894129,0.1257836251047336,0.09570057406156424,0.1286710053682327,0.1011369973421096,0.108654998242855,-1
2024-10-07,0.108654998242855,0.1087969988584518,0.11111799962818618,0.10962734010101328,0.10989384367645688,0.1255105968748335,0.09672540238153884,0.1286710053682327,0.1035849973559379,0.1070439964532852,1
2024-10-08,0.1070439964532852,0.10918599814176558,0.11129094958305355,0.1087662255517706,0.10962242965520243,0.12538238564257181,0.09719951352353529,0.1286710053682327,0.1047590002417564,0.1079389974474906,1
2024-10-09,0.1079389974474906,0.10892099738121028,0.11143634952604767,0.10849048285034393,0.10946210277827749,0.125314211353834,0.09755848769826134,0.1286710053682327,0.1047590002417564,0.1059800013899803,1
2024-10-10,0.1059800013899803,0.10821959823369975,0.11146179959177967,0.1076536556968894,0.10913047407463014,0.1252953961414756,0.09762820304208374,0.1286710053682327,0.1047590002417564,0.1107330024242401,1
2024-10-11,0.1107330024242401,0.10807019919157024,0.11149599961936471,0.1086801046060063,0.10928309582221205,0.1253182671171155,0.09767373212161393,0.1286710053682327,0.1047590002417564,0.1114159971475601,-1
2024-10-12,0.1114159971475601,0.10862239897251127,0.1117498494684696,0.10959206878652424,0.109486229281769,0.12535816415829437,0.09814153477864482,0.1286710053682327,0.1047590002417564,0.1113360002636909,1
2024-10-13,0.1113360002636909,0.10948079973459239,0.1119088493287563,0.11017337927891313,0.10966239794671395,0.1254142829825643,0.09840341567494831,0.1286710053682327,0.1047590002417564,0.1166540011763572,-1
2024-10-14,0.1166540011763572,0.11122380048036573,0.11225279942154882,0.11233358657806117,0.1103282649209657,0.12587925683826223,0.09862634200483543,0.1286710053682327,0.1047590002417564,0.11752700060606,-1
2024-10-15,0.11752700060606,0.11353320032358168,0.11270394958555696,0.11406472458739411,0.11101385879573658,0.1264050795795837,0.09900281959153025,0.1286710053682327,0.1047590002417564,0.1257729977369308,-1
2024-10-16,0.1257729977369308,0.1165411993861198,0.11308379955589767,0.11796748230390634,0.11241949107585031,0.1278068252525727,0.09836077385922265,0.1286710053682327,0.1047590002417564,0.1296579986810684,-1
2024-10-17,0.1296579986810684,0.12018959969282146,0.11338099949061867,0.12186432109629369,0.11406125370491871,0.1292062419271249,0.09755575705411243,0.1296579986810684,0.1047590002417564,0.1372130066156387,-1
2024-10-18,0.1372130066156387,0.12536500096321102,0.11380809955298896,0.12698054960274202,0.11626618255355871,0.13169731365670867,0.09591888544926924,0.1372130066156387,0.1047590002417564,0.1445270031690597,-1
2024-10-19,0.1445270031690597,0.1309396013617515,0.11480074971914286,0.13282936745818125,0.11895768927884452,0.1369295120175412,0.09267198742074453,0.1445270031690597,0.1047590002417564,0.142083004117012,-1
2024-10-20,0.142083004117012,0.1358508020639419,0.11618349999189373,0.13591391301112482,0.12116010021581286,0.14144813126889696,0.0909188687148905,0.1445270031690597,0.1047590002417564,0.1436900049448013,1
2024-10-21,0.1436900049448013,0.139434203505516,0.11801585033535952,0.13850594365568364,0.12330580542809748,0.14569005056909576,0.09034165010162329,0.1445270031690597,0.1047590002417564,0.1395079940557479,-1
2024-10-22,0.1395079940557479,0.14140420258045192,0.1197533000260591,0.13883996045570507,0.12484887101168324,0.14827341293636828,0.09123318711574992,0.1445270031690597,0.1050990000367164,0.138496994972229,1
2024-10-23,0.138496994972229,0.14166100025176998,0.12142319977283474,0.13872563862787973,0.12614869234125903,0.15024001241206555,0.09260638713360393,0.1445270031690597,0.1059800013899803,0.14198699593544,1
2024-10-24,0.14198699593544,0.14115299880504603,0.12305934950709338,0.13981275773039983,0.1276571022073715,0.15267415791383904,0.09344454110034771,0.1445270031690597,0.1059800013899803,0.1310130059719085,-1
2024-10-25,0.1310130059719085,0.13893899917602534,0.12413564994931219,0.13687950714423608,0.12797671208970837,0.15323370057964655,0.09503759931897782,0.1445270031690597,0.1059800013899803,0.1373569965362548,1
2024-10-26,0.1373569965362548,0.13767239749431606,0.12542949989438051,0.137038670274909,0.128870072513189,0.15445930719387524,0.0963996925948858,0.1445270031690597,0.1059800013899803,0.1443119943141937,1
2024-10-27,0.1443119943141937,0.1386331975460052,0.12721234969794745,0.13946311162133723,0.1303407317323323,0.15628416550379445,0.09814053389210045,0.1445270031690597,0.1059800013899803,0.1611499935388565,-1
2024-10-28,0.1611499935388565,0.1431637972593307,0.129917649552226,0.14669207226051034,0.13327494714247745,0.1610816909208592,0.09875360818359283,0.1611499935388565,0.1059800013899803,0.1758390069007873,-1
2024-10-29,0.1758390069007873,0.14993419945240016,0.13331265002489084,0.15640771714060267,0.13732866711945935,0.1688783856103146,0.09774691443946709,0.1758390069007873,0.1059800013899803,0.1681459993124008,-1
2024-10-30,0.1681459993124008,0.1573607981204986,0.1364209499210119,0.16032047786453538,0.14026365113783473,0.17278587034550888,0.1000560294965149,0.1758390069007873,0.1107330024242401,0.1613720059394836,1
2024-10-31,0.1613720059394836,0.16216380000114436,0.13895290009677405,0.16067098722285145,0.14227397064275368,0.17483547010394918,0.10307033008959893,0.1758390069007873,0.1113360002636909,0.1591850072145462,1
2024-11-01,0.1591850072145462,0.16513840258121487,0.14134135060012337,0.16017566055341637,0.14388454555435296,0.17583884909759878,0.10684385210264798,0.1758390069007873,0.1113360002636909,0.1593160033226013,-1
2024-11-02,0.1593160033226013,0.16477160453796386,0.14374035075306887,0.1598891081431447,0.14535420819894804,0.17605632600819043,0.1114243754979473,0.1758390069007873,0.1166540011763572,0.1514540016651153,1
2024-11-03,0.1514540016651153,0.15989460349082943,0.1454803507775068,0.15707740598380157,0.14593514091001158,0.1753072506625574,0.1156534508924562,0.1758390069007873,0.11752700060606,0.1583459973335266,1
2024-11-04,0.1583459973335266,0.15793460309505458,0.1475213006138801,0.15750026976704326,0.14711712723606063,0.17476922412870385,0.12027337709905636,0.1758390069007873,0.1257729977369308,0.1701799929141998,1
2024-11-05,0.1701799929141998,0.15969620048999783,0.14974165037274356,0.16172684414942878,0.14931359063397864,0.1767639138763626,0.12271938686912454,0.1758390069007873,0.1296579986810684,0.1966580003499984,-1
2024-11-06,0.1966580003499984,0.16719079911708828,0.15309165045619008,0.173370562882952,0.15382258203550433,0.1856712816835116,0.12051201922886857,0.1966580003499984,0.1310130059719085,0.1931589990854263,-1
2024-11-07,0.1931589990854263,0.1739593982696533,0.15588895007967946,0.17996670828377678,0.15756890746883023,0.1921295703662975,0.11964832979306142,0.1966580003499984,0.1310130059719085,0.2021320015192031,-1
2024-11-08,0.2021320015192031,0.18409499824047085,0.1587691999971866,0.18735513936225223,0.16181301166410383,0.2000180630276346,0.11752033696673861,0.2021320015192031,0.1310130059719085,0.218760997056961,-1
2024-11-09,0.218760997056961,0.19617799818515774,0.16260309964418407,0.19782375859382184,0.16723662932056643,0.21096268952238448,0.11424350976598366,0.218760997056961,0.1310130059719085,0.2790949940681457,-1
2024-11-10,0.2790949940681457,0.21796099841594688,0.1693733491003513,0.2249141704185965,0.177889806915574,0.2395678427276148,0.09917885547308777,0.2790949940681457,0.1310130059719085,0.3495210111141205,-1
2024-11-11,0.3495210111141205,0.24853360056877133,0.17987399995326991,0.26644978398377117,0.19423563588686413,0.2852659853415853,0.07448201456495454,0.3495210111141205,0.1310130059719085,0.3822210133075714,-1
2024-11-12,0.3822210133075714,0.2863460034132003,0.19206020087003703,0.3050401937583712,0.2121390051650267,0.3289602202395025,0.05516018150057156,0.3822210133075714,0.1310130059719085,0.399522989988327,-1
2024-11-13,0.399522989988327,0.3258242011070251,0.20493700057268138,0.3365344591683565,0.22998509895772198,0.3679610002883432,0.04191300085701952,0.399522989988327,0.1310130059719085,0.3616459965705871,-1
2024-11-14,0.3616459965705871,0.35440120100975037,0.21646865010261532,0.3449049716357667,0.24252423206370916,0.3897790135835224,0.04315828662170826,0.399522989988327,0.1373569965362548,0.3791890144348144,1
2024-11-15,0.3791890144348144,0.3744200050830841,0.2285602509975433,0.35633298590211593,0.25553992562286204,0.41207472306205595,0.045045778933030606,0.399522989988327,0.1443119943141937,0.3637480139732361,1
2024-11-16,0.3637480139732361,0.37726540565490724,0.2395320519804954,0.35880466192582267,0.2658454578467072,0.428010039576592,0.05105406438439877,0.399522989988327,0.1514540016651153,0.3665600121021271,1
2024-11-17,0.3665600121021271,0.37413320541381834,0.24980255290865894,0.3613897786512575,0.2754373201567472,0.4426327006226288,0.056972405194689046,0.399522989988327,0.1514540016651153,0.3717409968376159,1
2024-11-18,0.3717409968376159,0.3685768067836761,0.25959765240550037,0.364840184713377,0.2846090988882585,0.45646841490655987,0.06272688990444089,0.399522989988327,0.1514540016651153,0.3913559913635254,1
2024-11-19,0.3913559913635254,0.37451880574226376,0.2707581520080566,0.37367878693009315,0.2947754696001887,0.47107720350275784,0.07043910051335531,0.399522989988327,0.1514540016651153,0.377496987581253,-1
2024-11-20,0.377496987581253,0.37418040037155154,0.2815644010901451,0.37495152048047975,0.3026537094079091,0.4803496759043492,0.08277912627594095,0.399522989988327,0.1514540016651153,0.3876169919967651,1
2024-11-21,0.3876169919967651,0.37895419597625735,0.29298600032925604,0.37917334431924155,0.3107454506068478,0.48838594562533433,0.09758605503317774,0.399522989988327,0.1514540016651153,0.4129239916801452,-1
2024-11-22,0.4129239916801452,0.38822699189186094,0.3056663997471332,0.3904235601062095,0.3204767402328761,0.49742392840450234,0.11390887108976414,0.4129239916801452,0.1514540016651153,0.4300119876861572,-1
2024-11-23,0.4300119876861572,0.3998811900615692,0.31959429904818537,0.40361970263285873,0.33090866856176,0.5045339167750778,0.13465468132129305,0.4300119876861572,0.1583459973335266,0.4298819899559021,-1
2024-11-24,0.4298819899559021,0.4075863897800446,0.3331710986793041,0.41237379840720656,0.3403346991707259,0.5078518093120569,0.15849038804655138,0.4300119876861572,0.1701799929141998,0.393339991569519,-1
2024-11-25,0.393339991569519,0.41075499057769777,0.34432909861207006,0.4060291961279774,0.3453828222563252,0.5029432225813912,0.18571497464274883,0.4300119876861572,0.1931589990854263,0.3876180052757263,-1
2024-11-26,0.3876180052757263,0.41075519323348997,0.3538770988583565,0.3998921325105604,0.3494052206391253,0.4973281589423365,0.21042603877437646,0.4300119876861572,0.1931589990854263,0.4015249907970428,-1
2024-11-27,0.4015249907970428,0.40847539305686953,0.3642953984439373,0.4004364186060545,0.3543690082732127,0.48742620285236415,0.24116459403551047,0.4300119876861572,0.2021320015192031,0.4020180106163025,-1
2024-11-28,0.4020180106163025,0.40287659764289857,0.37428969889879227,0.40096361594280383,0.35890700849636414,0.47177814200124335,0.2768012557963412,0.4300119876861572,0.218760997056961,0.4258390069007873,1
2024-11-29,0.4258390069007873,0.4020680010318755,0.3846435993909836,0.40925541292879836,0.36528148453488063,0.45187152671586783,0.31741567206609933,0.4300119876861572,0.2790949940681457,0.4219709932804107,-1
2024-11-30,0.4219709932804107,0.407794201374054,0.39178739935159684,0.4134939397126692,0.37068048536778825,0.4392497860113391,0.34432501269185456,0.4300119876861572,0.3495210111141205,0.4400230050086975,-1
2024-12-01,0.4400230050086975,0.4182752013206482,0.3963124990463257,0.422336961478012,0.37728453485739866,0.4440638654833326,0.3485611326093188,0.4400230050086975,0.3616459965705871,0.42467001080513,-1
2024-12-02,0.42467001080513,0.42290420532226564,0.3984349489212036,0.42311464458705134,0.38179743732861116,0.4473094377294153,0.34956046011299197,0.4400230050086975,0.3616459965705871,0.4078820049762726,1
2024-12-03,0.4078820049762726,0.42407700419425964,0.3988528996706009,0.4180370980501251,0.38428168186648365,0.44790919117207684,0.34979660816912495,0.4400230050086975,0.3616459965705871,0.4319570064544678,1
2024-12-04,0.4319570064544678,0.4253006041049957,0.40236845016479494,0.4226770675182394,0.3888221889701012,0.45026156600355616,0.35447533432603373,0.4400230050086975,0.3637480139732361,0.4305860102176666,-1
2024-12-05,0.4305860102176666,0.4270236074924469,0.40493829995393754,0.42531338175138184,0.3927996957555836,0.4531094356295915,0.3567671642782836,0.4400230050086975,0.3637480139732361,0.435708999633789,-1
2024-12-06,0.435708999633789,0.42616080641746523,0.4085363492369652,0.42877858771218424,0.39688629612493653,0.4544503514816524,0.36262234699227797,0.4400230050086975,0.3665600121021271,0.4538869857788086,-1
2024-12-07,0.4538869857788086,0.4320042014122009,0.41290269792079926,0.4371480537343924,0.4023149332348291,0.4586176533201013,0.3671877425214972,0.4538869857788086,0.3717409968376159,0.4672969877719879,-1
2024-12-08,0.4672969877719879,0.443887197971344,0.41768049746751784,0.4471976984135909,0.4085037003336061,0.4652193507433099,0.3701416441917258,0.4672969877719879,0.377496987581253,0.4147189855575561,-1
2024-12-09,0.4147189855575561,0.4404395937919617,0.41884864717721937,0.4363714607949127,0.4090956322596966,0.4647850486756762,0.3729122456787625,0.4672969877719879,0.377496987581253,0.3945200145244598,1
2024-12-10,0.3945200145244598,0.43322639465332025,0.4196997985243797,0.42242097870476175,0.40770747818967407,0.4629631538960592,0.37643644315270025,0.4672969877719879,0.3876169919967651,0.4144920110702514,1
2024-12-11,0.4144920110702514,0.4289829969406128,0.42104354947805406,0.41977798949325834,0.4083536241783005,0.46170223497094354,0.3803848639851646,0.4672969877719879,0.3876180052757263,0.4065479934215545,1
2024-12-12,0.4065479934215545,0.41951519846916197,0.4207247495651245,0.41536799080269043,0.4081816593443247,0.4617498320401946,0.3796996670900544,0.4672969877719879,0.3876180052757263,0.4090810120105743,1
2024-12-13,0.4090810120105743,0.4078720033168793,0.4196782007813454,0.4132723312053184,0.4082673119792056,0.460773574211801,0.3785828273508898,0.4672969877719879,0.3876180052757263,0.3979760110378265,1
2024-12-14,0.3979760110378265,0.40452340841293327,0.4180829018354416,0.40817355781615444,0.4072871880800267,0.45997979107860165,0.37618601259228157,0.4672969877719879,0.3876180052757263,0.4062719941139221,1
2024-12-15,0.4062719941139221,0.4068738043308257,0.41872950196266173,0.40753970324874367,0.4071905029403977,0.4593997637155834,0.3780592402097401,0.4672969877719879,0.3876180052757263,0.4019339978694916,1
2024-12-16,0.4019339978694916,0.4043622016906737,0.41944530159235,0.40567113478899297,0.4066898834098352,0.4582721771377578,0.3806184260469422,0.4672969877719879,0.3945200145244598,0.394336998462677,1
2024-12-17,0.394336998462677,0.4019200026988983,0.4190859019756317,0.40189308934688767,0.40551341817677256,0.45873556711604946,0.379436236835214,0.4672969877719879,0.394336998462677,0.358038991689682,1
2024-12-18,0.358038991689682,0.3917115986347198,0.4168869510293007,0.3872750567944858,0.40099204422562107,0.46458371330939685,0.3691901887492045,0.4672969877719879,0.358038991689682,0.3150660097599029,1
2024-12-19,0.3150660097599029,0.3751295983791351,0.41134830117225646,0.36320537444962486,0.39280861237174314,0.4770109033761711,0.34568569896834184,0.4672969877719879,0.3150660097599029,0.3177129924297333,1
2024-12-20,0.3177129924297333,0.35741779804229734,0.4061354011297226,0.348041247109661,0.3856566485677422,0.48371895232660195,0.3285518499328432,0.4672969877719879,0.3150660097599029,0.3209510147571563,-1
2024-12-21,0.3209510147571563,0.34122120141983026,0.40018180161714545,0.3390111696588261,0.37949420725244826,0.48477412212140564,0.31558948111288526,0.4672969877719879,0.3150660097599029,0.3121919929981231,-1
2024-12-22,0.3121919929981231,0.3247922003269195,0.39455790072679514,0.33007144410525846,0.3730844725615602,0.4868963024736097,0.30221949897998057,0.4672969877719879,0.3121919929981231,0.3242189884185791,1
2024-12-23,0.3242189884185791,0.3180281996726989,0.3903747498989105,0.328120625543032,0.36843061692889534,0.48762143880497577,0.2931280609928453,0.4672969877719879,0.3121919929981231,0.3369239866733551,-1
2024-12-24,0.3369239866733551,0.3223997950553894,0.3856230989098549,0.3310550792531397,0.3654299854759867,0.48359914235858814,0.2876470554611217,0.4672969877719879,0.3121919929981231,0.334318995475769,-1
2024-12-25,0.334318995475769,0.32572099566459656,0.38080974817276003,0.3321430513273495,0.36246703404739455,0.47894368447402524,0.2826758118714948,0.4672969877719879,0.3121919929981231,0.3122560083866119,-1
2024-12-26,0.3122560083866119,0.3239819943904877,0.3746370986104012,0.3255140370137703,0.3576850316035105,0.47375684042402844,0.2755173567967739,0.4672969877719879,0.3121919929981231,0.3110359907150268,1
2024-12-27,0.3110359907150268,0.32375079393386835,0.36749454885721206,0.32068802158085585,0.3532422658046073,0.46309423092173374,0.27189486679269037,0.4672969877719879,0.3110359907150268,0.3239189982414245,1
2024-12-28,0.3239189982414245,0.32369079589843747,0.3603256493806839,0.32176501380104544,0.35044957365573276,0.44532981108130326,0.27532148768006454,0.4147189855575561,0.3110359907150268,0.3143199980258941,1
2024-12-29,0.3143199980258941,0.31916999816894526,0.3553057000041008,0.31928334187599505,0.3470086616909862,0.4386262575947485,0.27198514241345306,0.4144920110702514,0.3110359907150268,0.3135139942169189,1
2024-12-30,0.3135139942169189,0.3150089979171752,0.35125539898872377,0.31736022598963637,0.34381869336012266,0.4344250837489214,0.2680857142285261,0.4144920110702514,0.3110359907150268,0.3156810104846954,1
2024-12-31,0.3156810104846954,0.3156939983367919,0.3463148489594459,0.3168004874879894,0.3411389140386534,0.4253020837946435,0.2673276141242483,0.4090810120105743,0.3110359907150268,0.3243060111999511,1
2025-01-01,0.3243060111999511,0.3183480024337768,0.34220274984836574,0.31930232872531,0.33953578043496746,0.4164049495370957,0.26800055015963575,0.4090810120105743,0.3110359907150268,0.3386099934577942,1
2025-01-02,0.3386099934577942,0.3212862014770507,0.33867919892072673,0.3257382169694714,0.33944761024666525,0.40587136373560423,0.27148703410584923,0.4062719941139221,0.3110359907150268,0.3792789876461029,-1
2025-01-03,0.3792789876461029,0.3342779994010925,0.33774434775114054,0.3435851405283486,0.3432410747608974,0.4019151564819349,0.2735735390203462,0.4062719941139221,0.3110359907150268,0.3947460055351257,-1
2025-01-04,0.3947460055351257,0.35052440166473386,0.3371680483222007,0.3606387621972743,0.34814630626320486,0.3989085895470361,0.2754275070973653,0.4019339978694916,0.3110359907150268,0.3825629949569702,-1
2025-01-05,0.3825629949569702,0.36390079855918883,0.3361994981765747,0.36794683978383963,0.3514240861388016,0.3941537627533463,0.2782452335998031,0.3947460055351257,0.3110359907150268,0.3879570066928863,1
2025-01-06,0.3879570066928863,0.37663099765777586,0.3358804985880851,0.37461689542018856,0.3549034119058573,0.392543203766348,0.2792177934098222,0.3947460055351257,0.3110359907150268,0.3484370112419128,-1
2025-01-07,0.3484370112419128,0.3785964012145996,0.33540039956569667,0.36589026736076335,0.3542875642235769,0.39143178652755517,0.2793690126038382,0.3947460055351257,0.3110359907150268,0.3422479927539825,1
2025-01-08,0.3422479927539825,0.3711902022361755,0.3367594987154007,0.35800950915850305,0.3531409383693298,0.3920275758378352,0.28149142159296614,0.3947460055351257,0.3110359907150268,0.3209120035171509,1
2025-01-09,0.3209120035171509,0.35642340183258053,0.3369194492697715,0.345643673944719,0.3500715160024556,0.3919735349743158,0.28186536356522723,0.3947460055351257,0.3110359907150268,0.3339810073375702,1
2025-01-10,0.3339810073375702,0.3467070043087005,0.33757094889879224,0.3417561184090028,0.34853908660579985,0.3921355955995514,0.2830063021980331,0.3947460055351257,0.3110359907150268,0.34095498919487,1
2025-01-11,0.34095498919487,0.3373066008090973,0.33900909870862955,0.3414890753376252,0.3478167916142827,0.3922576183502325,0.2857605790670266,0.3947460055351257,0.3110359907150268,0.3359589874744415,1
2025-01-12,0.3359589874744415,0.33481099605560305,0.3395960986614227,0.33964571271656396,0.3466874769342978,0.3924152288608471,0.2867769684619983,0.3947460055351257,0.3110359907150268,0.3382990062236786,1
2025-01-13,0.3382990062236786,0.3340211987495422,0.33966484963893884,0.33919681055226886,0.3458885749618579,0.3924729135740692,0.28685678570380846,0.3947460055351257,0.3110359907150268,0.3561199903488159,-1
2025-01-14,0.3561199903488159,0.34106279611587526,0.3407548993825912,0.34483787048445125,0.3468629954749015,0.393996581725648,0.28751321703953436,0.3947460055351257,0.3110359907150268,0.3857100009918213,-1
2025-01-15,0.3857100009918213,0.3514085948467255,0.3444275990128517,0.35846191398690797,0.35056271028603675,0.39949447592319204,0.28936072210251135,0.3947460055351257,0.3110359907150268,0.3767479956150055,-1
2025-01-16,0.3767479956150055,0.35856719613075255,0.3477131992578506,0.3645572745296072,0.35305654698403377,0.40223006209097023,0.293196336424731,0.3947460055351257,0.3135139942169189,0.4159390032291412,1
2025-01-17,0.4159390032291412,0.3745631992816925,0.3523141995072364,0.38168451742945186,0.35904535234071067,0.41350007995991744,0.2911283190545554,0.4159390032291412,0.3135139942169189,0.3960810005664825,-1
2025-01-18,0.3960810005664825,0.38611959815025326,0.35640224963426587,0.3864833451417954,0.3625725569336413,0.41782462219823613,0.2949798770702956,0.4159390032291412,0.3135139942169189,0.3577570021152496,1
2025-01-19,0.3577570021152496,0.38644700050354,0.35861440002918243,0.3769078974662801,0.36211393266522307,0.41662514859444594,0.30060365146391893,0.4159390032291412,0.3156810104846954,0.3546079993247986,1
2025-01-20,0.3546079993247986,0.38022660017013543,0.3605607494711876,0.3694745980857863,0.3613990818708969,0.4150090499986326,0.3061124489437426,0.4159390032291412,0.3209120035171509,0.3715769946575165,-1
2025-01-21,0.3715769946575165,0.37919239997863763,0.36292429864406583,0.3701753969430297,0.36236840689819405,0.4147888126479693,0.3110597846401624,0.4159390032291412,0.3209120035171509,0.3630560040473938,1
2025-01-22,0.3630560040473938,0.36861580014228823,0.36414659917354586,0.36780226597781773,0.362433892340975,0.41473494534354616,0.31355825300354556,0.4159390032291412,0.3209120035171509,0.3523530066013336,1
2025-01-23,0.3523530066013336,0.3598702013492584,0.3628003001213074,0.36265251285232303,0.36147380798481865,0.41312546986482074,0.312475130377794,0.4159390032291412,0.3209120035171509,0.350739985704422,1
2025-01-24,0.350739985704422,0.3584667980670929,0.3605999991297722,0.35868167046968935,0.3604515391962095,0.40884947029462865,0.31235052796491575,0.4159390032291412,0.3209120035171509,0.3537760078907013,1
2025-01-25,0.3537760078907013,0.35830039978027345,0.35916064977645873,0.3570464496100267,0.35981577430997064,0.40635746860553534,0.3119638309473821,0.4159390032291412,0.3209120035171509,0.336326003074646,1
2025-01-26,0.336326003074646,0.35125020146369934,0.35657909959554673,0.3501396340982331,0.35757865323993976,0.4027816661741397,0.3103765330169538,0.4159390032291412,0.3209120035171509,0.3338220119476318,1
2025-01-27,0.3338220119476318,0.34540340304374695,0.35584834963083267,0.34470042671469936,0.3553161159740057,0.4030447545516185,0.30865194471004687,0.4159390032291412,0.3209120035171509,0.3190740048885345,1
2025-01-28,0.3190740048885345,0.33874760270118714,0.35468965023756027,0.33615828610597775,0.351864486346818,0.4043647187830389,0.3050145816920816,0.4159390032291412,0.3190740048885345,0.3238640129566192,1
2025-01-29,0.3238640129566192,0.33337240815162655,0.3548372507095337,0.3320601950561916,0.3491977745953705,0.40410561110027393,0.3055688903187935,0.4159390032291412,0.3190740048885345,0.331508994102478,-1
2025-01-30,0.331508994102478,0.3289190053939819,0.3547136500477791,0.33187646140495375,0.34751312883414265,0.4042141720446518,0.3052131280509064,0.4159390032291412,0.3190740048885345,0.3287279903888702,-1
2025-01-31,0.3287279903888702,0.3273994028568267,0.3541023001074791,0.33082697106625925,0.34572406802983097,0.40461006241820946,0.3035945377967488,0.4159390032291412,0.3190740048885345,0.3083570003509521,1
2025-02-01,0.3083570003509521,0.3223064005374908,0.3527222007513046,0.3233369808278236,0.3421652996794616,0.406706157289351,0.29873824421325823,0.4159390032291412,0.3083570003509521,0.2675090134143829,1
2025-02-02,0.2675090134143829,0.31199340224266053,0.3491827011108398,0.3047276583566767,0.3350551771780255,0.41511004313980804,0.2832553590818716,0.4159390032291412,0.2675090134143829,0.2850039899349212,1
2025-02-03,0.2850039899349212,0.3042213976383209,0.34562690109014504,0.2981531022160916,0.330288397440587,0.4173916853564643,0.2738621168238258,0.4159390032291412,0.2675090134143829,0.2641440033912658,-1
2025-02-04,0.2641440033912658,0.29074839949607845,0.3395486012101173,0.28681673594114965,0.32398893134065165,0.4173570953612349,0.26174010705899975,0.4159390032291412,0.2641440033912658,0.2562330067157745,1
2025-02-05,0.2562330067157745,0.2762494027614593,0.3335228517651557,0.2766221595326913,0.31753598613828243,0.41761399102450525,0.24943171250580617,0.4159390032291412,0.2562330067157745,0.2480839937925338,1
2025-02-06,0.2480839937925338,0.2641948014497756,0.32513010129332537,0.2671094376193055,0.31092151067678253,0.4080852315925623,0.2421749709940884,0.3960810005664825,0.2480839937925338,0.2466129958629608,1
2025-02-07,0.2466129958629608,0.2600155979394912,0.3176567010581493,0.2602772903671906,0.30479689021832335,0.4006294312899511,0.2346839708263475,0.3715769946575165,0.2466129958629608,0.2532660067081451,1
2025-02-08,0.2532660067081451,0.253668001294136,0.31243215128779406,0.25794019581417543,0.2998891870268778,0.39789492901250917,0.22696937356307895,0.3715769946575165,0.2466129958629608,0.2492900043725967,-1
2025-02-09,0.2492900043725967,0.2506972014904022,0.30716625154018395,0.25505679866698255,0.2950702172502796,0.39464195625074816,0.21969054682961975,0.3715769946575165,0.2466129958629608,0.2552599906921386,1
2025-02-10,0.2552599906921386,0.25050259828567495,0.3013504013419151,0.25512452934203456,0.2912787671018852,0.3862230969204245,0.2164777057634057,0.3630560040473938,0.2466129958629608,0.2531220018863678,-1
2025-02-11,0.2531220018863678,0.25151019990444184,0.2958537012338638,0.25445702019014566,0.28764478946231214,0.37809871583543686,0.2136086866322907,0.3537760078907013,0.2466129958629608,0.2641220092773437,1
2025-02-12,0.2641220092773437,0.2550120025873184,0.29144215136766427,0.2576786832192117,0.2854045246827913,0.37032333430202485,0.2125609684333037,0.3537760078907013,0.2466129958629608,0.2624920010566711,-1
2025-02-13,0.2624920010566711,0.25685720145702357,0.28702975213527676,0.2592831224983649,0.28322237957554175,0.36170538411733555,0.21235412015321797,0.3537760078907013,0.2466129958629608,0.271928995847702,-1
2025-02-14,0.271928995847702,0.26138499975204466,0.2829374015331268,0.26349841361481063,0.2821468192205094,0.3508788020899214,0.21499600097633217,0.336326003074646,0.2466129958629608,0.271723985671997,1
2025-02-15,0.271723985671997,0.26467779874801634,0.2797073006629943,0.2662402709672061,0.28115416840636537,0.3429410157852634,0.2164735855407252,0.3338220119476318,0.2466129958629608,0.2657400071620941,1
2025-02-16,0.2657400071620941,0.2672013998031616,0.2763032004237175,0.26607351636550214,0.27968615304976807,0.3343917232511911,0.21821467759624386,0.331508994102478,0.2466129958629608,0.2581480145454407,-1
2025-02-17,0.2581480145454407,0.266006600856781,0.27325690090656274,0.26343168242548165,0.2776349017636417,0.3282066071843334,0.21830719462879206,0.331508994102478,0.2466129958629608,0.2509010136127472,-1
2025-02-18,0.2509010136127472,0.2636884033679962,0.26960875093936915,0.25925479282123687,0.2750888171778422,0.31990264402485374,0.21931485785388455,0.331508994102478,0.2466129958629608,0.2547680139541626,1
2025-02-19,0.2547680139541626,0.2602562069892883,0.2657717019319534,0.25775919986554546,0.27315350258511084,0.30708987164979357,0.22445353221411316,0.3287279903888702,0.2466129958629608,0.2548600137233734,1
2025-02-20,0.2548600137233734,0.2568834125995636,0.2620783030986785,0.25679280448482145,0.27141126555065964,0.2910679736416814,0.23308863255567563,0.3083570003509521,0.2466129958629608,0.2393079996109008,-1
2025-02-21,0.2393079996109008,0.2515970110893249,0.25862585306167596,0.25096453619351455,0.26835381165163497,0.2798032263782946,0.23744847974505734,0.2850039899349212,0.2393079996109008,0.2467229962348938,1
2025-02-22,0.2467229962348938,0.24931200742721554,0.25758655220270155,0.249550689540641,0.2662937339928977,0.2789675568321777,0.2362055475732254,0.2850039899349212,0.2393079996109008,0.2430229932069778,-1
2025-02-23,0.2430229932069778,0.24773640334606167,0.2554875023663044,0.2473747907627533,0.2640774729656672,0.27351503166308727,0.23745997306952155,0.271928995847702,0.2393079996109008,0.2103590071201324,1
2025-02-24,0.2103590071201324,0.23885460197925562,0.25279825255274774,0.23503619621521302,0.2589614285994258,0.27939748440390266,0.22619902070159278,0.271928995847702,0.2103590071201324,0.2123890072107315,1
2025-02-25,0.2123890072107315,0.23036040067672725,0.2506060525774956,0.2274871332137192,0.2545259598957406,0.28267738967371075,0.2185347154812804,0.271928995847702,0.2103590071201324,0.2055409997701645,-1
2025-02-26,0.2055409997701645,0.22360700070857997,0.2484789028763771,0.22017175539920097,0.24986072559806669,0.2863699198284727,0.21058788592428151,0.271928995847702,0.2055409997701645,0.2068240046501159,1
2025-02-27,0.2068240046501159,0.21562720239162442,0.24648945331573485,0.21572250514950597,0.24576199026969042,0.2887224019972029,0.2042565046342668,0.271928995847702,0.2055409997701645,0.2019630074501037,-1
2025-02-28,0.2019630074501037,0.2074152052402496,0.24392430335283274,0.21113600591637188,0.24159065857258694,0.29043924062990195,0.1974093660757635,0.271928995847702,0.2019630074501037,0.2065369933843612,1
2025-03-01,0.2065369933843612,0.20665080249309536,0.241786652803421,0.209603001739035,0.23825221426894638,0.2911081892625915,0.19246511634425045,0.271928995847702,0.2019630074501037,0.2392670065164566,-1
2025-03-02,0.2392670065164566,0.21202640235424036,0.24098700359463687,0.2194910033315089,0.23834886114966164,0.2899057230988981,0.19206828409037563,0.271928995847702,0.2019630074501037,0.1990759968757629,-1
2025-03-03,0.1990759968757629,0.21073340177536007,0.23828470334410662,0.21268600117959358,0.23460858836167128,0.2902567020356444,0.18631270465256883,0.271928995847702,0.1990759968757629,0.1991460025310516,1
2025-03-04,0.1991460025310516,0.2091978013515472,0.23503590300679203,0.20817266829674627,0.23123119923494562,0.2883144135928558,0.18175739242072822,0.271928995847702,0.1990759968757629,0.2047200053930282,1
2025-03-05,0.2047200053930282,0.2097492009401321,0.23214730322360988,0.20702178066217358,0.22870632363095347,0.2854225264223025,0.1788720800249173,0.271928995847702,0.1990759968757629,0.2017270028591156,1
2025-03-06,0.2017270028591156,0.208787202835083,0.22863720357418055,0.20525685472782093,0.22613686450982606,0.2800960891510939,0.17717831799726722,0.271723985671997,0.1990759968757629,0.1979729980230331,1
2025-03-07,0.1979729980230331,0.20052840113639828,0.22494965419173235,0.20282890249289165,0.22345459151108388,0.2739178341917956,0.17598147419166907,0.2657400071620941,0.1979729980230331,0.1921720057725906,1
2025-03-08,0.1921720057725906,0.1991476029157638,0.22127125412225718,0.19927660358612465,0.22047529763122736,0.2683542746363801,0.17418823360813424,0.2581480145454407,0.1921720057725906,0.1678030043840408,1
2025-03-09,0.1678030043840408,0.19287900328636165,0.2167540036141872,0.18878540385209672,0.21545888875054292,0.2662157349695643,0.1672922722588101,0.2548600137233734,0.1678030043840408,0.1540600061416626,1
2025-03-10,0.1540600061416626,0.18274700343608855,0.21191195324063297,0.17721027128195202,0.20961137612112574,0.26603911077299447,0.15778479570827145,0.2548600137233734,0.1540600061416626,0.1641660034656524,1
2025-03-11,0.1641660034656524,0.1752348035573959,0.20738185271620746,0.17286218200985215,0.20528324539203302,0.2615723669023199,0.15319133853009503,0.2548600137233734,0.1540600061416626,0.1723809987306594,-1
2025-03-12,0.1723809987306594,0.17011640369892117,0.20325790196657176,0.17270178758345459,0.20214969809094982,0.25472000001373324,0.15179580391941028,0.2467229962348938,0.1540600061416626,0.1650650054216385,-1
2025-03-13,0.1650650054216385,0.16469500362873074,0.19954575225710866,0.1701561935295159,0.19861782259863447,0.2507689737391494,0.14832253077506793,0.2467229962348938,0.1540600061416626,0.1717990040779113,1
2025-03-14,0.1717990040779113,0.16549420356750483,0.19579955264925955,0.1707037970456477,0.19606364940618465,0.24332051078549968,0.14827859451301942,0.2430229932069778,0.1540600061416626,0.1760679930448532,-1
2025-03-15,0.1760679930448532,0.16989580094814297,0.1924518026411533,0.17249186237871622,0.19415930118129593,0.2351546423085037,0.1497489629738029,0.2392670065164566,0.1540600061416626,0.1682350039482116,-1
2025-03-16,0.1682350039482116,0.1707096010446548,0.19034560248255727,0.17107290956854804,0.19169032049243076,0.23348269906856328,0.14720850589655127,0.2392670065164566,0.1540600061416626,0.1734649986028671,1
2025-03-17,0.1734649986028671,0.17092640101909634,0.18839940205216404,0.17187027257998774,0.18995457555056755,0.23085589968125345,0.14594290442307464,0.2392670065164566,0.1540600061416626,0.1680289953947067,-1
2025-03-18,0.1680289953947067,0.17151919901371,0.18652380183339115,0.17058984685156076,0.18786642505953316,0.22910596755508958,0.14394163611169272,0.2392670065164566,0.1540600061416626,0.1780650019645691,1
2025-03-19,0.1780650019645691,0.17277239859104154,0.1850858516991138,0.17308156522256354,0.1869329561933461,0.22671325418052762,0.14345844921769996,0.2392670065164566,0.1540600061416626,0.1693509966135025,-1
2025-03-20,0.1693509966135025,0.1714289993047714,0.18345525115728373,0.17183804235287653,0.18525848385240862,0.2248533521643091,0.14205715015025835,0.2392670065164566,0.1540600061416626,0.1670619994401931,1
2025-03-21,0.1670619994401931,0.1711943984031677,0.18148150146007533,0.17024602804864872,0.18352548533695953,0.22200081787627235,0.1409621850438783,0.2392670065164566,0.1540600061416626,0.1673430055379867,1
2025-03-22,0.1673430055379867,0.16996999979019162,0.17788530141115183,0.16927835387842805,0.1819842967846764,0.2083231609387408,0.14744744188356287,0.2047200053930282,0.1540600061416626,0.1722529977560043,1
2025-03-23,0.1722529977560043,0.17081480026245113,0.17654415145516392,0.17026990183762014,0.18105750640099336,0.2053717852958562,0.14771651761447163,0.2047200053930282,0.1540600061416626,0.1828889995813369,1
2025-03-24,0.1828889995813369,0.1717795997858047,0.17573130130767817,0.1744762677521924,0.18123193432293083,0.20273462728018965,0.14872797533516668,0.2047200053930282,0.1540600061416626,0.1909099966287613,-1
2025-03-25,0.1909099966287613,0.17609139978885646,0.17504080086946483,0.17995417737771538,0.18215365454253374,0.1995103960718163,0.15057120566711335,0.2017270028591156,0.1540600061416626,0.1947979927062988,-1
2025-03-26,0.1947979927062988,0.18163859844207758,0.17469435036182399,0.18490211582057653,0.18335787722479707,0.19772708618695187,0.1516616145366961,0.1979729980230331,0.1540600061416626,0.1904949992895126,-1
2025-03-27,0.1904949992895126,0.18626899719238277,0.174320450425148,0.1867664103102219,0.18403760313572234,0.1959628888245985,0.15267801202569747,0.1947979927062988,0.1540600061416626,0.1801899969577789,1
2025-03-28,0.1801899969577789,0.18785639703273768,0.1737213499844074,0.18457427252607422,0.18367116445210868,0.1938967494694789,0.15354595049933592,0.1947979927062988,0.1540600061416626,0.1695650070905685,-1
2025-03-29,0.1695650070905685,0.185191598534584,0.17380945011973378,0.17957118404757233,0.18232772089386676,0.19389120499557988,0.15372769524388769,0.1947979927062988,0.1540600061416626,0.1663189977407455,1
2025-03-30,0.1663189977407455,0.18027339875698084,0.17442239969968792,0.1751537886119634,0.1808030805935695,0.1926266060984533,0.15621819330092254,0.1947979927062988,0.1641660034656524,0.166714996099472,1
2025-03-31,0.166714996099472,0.1746567994356155,0.1745498493313789,0.17234085777446628,0.17946135826079831,0.19248542355966233,0.15661427510309547,0.1947979927062988,0.1650650054216385,0.1740860044956207,1
2025-04-01,0.1740860044956207,0.17137500047683712,0.17463509961962695,0.17292257334818445,0.17894941980697188,0.19254345577350543,0.15672674346574847,0.1947979927062988,0.1650650054216385,0.1641950011253357,1
2025-04-02,0.1641950011253357,0.16817600131034846,0.1745915994048118,0.17001338260723486,0.17754423707538747,0.19260177140712087,0.15658142740250275,0.1947979927062988,0.1641950011253357,0.1620599925518036,1
2025-04-03,0.1620599925518036,0.16667499840259548,0.17410464882850643,0.16736225258875778,0.17606954712076045,0.19294044938997287,0.15526884826704,0.1947979927062988,0.1620599925518036,0.171097993850708,1
2025-04-04,0.171097993850708,0.167630797624588,0.17385614886879916,0.16860749967607452,0.17559606585694593,0.19271401210268668,0.15499828563491164,0.1947979927062988,0.1620599925518036,0.1690270006656646,-1
2025-04-05,0.1690270006656646,0.16809319853782653,0.1738957487046718,0.16874733333927122,0.17497044060063344,0.1927071803719074,0.15508431703743622,0.1947979927062988,0.1620599925518036,0.1488450020551681,-1
2025-04-06,0.1488450020551681,0.163044998049736,0.17266474887728686,0.16211322291123687,0.1724823035963034,0.19456370086883976,0.15076579688573397,0.1947979927062988,0.1488450020551681,0.149520993232727,1
2025-04-07,0.149520993232727,0.16011019647121424,0.1717393487691879,0.15791581301840024,0.17029551213310565,0.19590955824868028,0.1475691392896955,0.1947979927062988,0.1488450020551681,0.1421069949865341,1
2025-04-08,0.1421069949865341,0.15611959695816036,0.16994144842028613,0.1526462070077782,0.1676108914524798,0.1972731688156248,0.14260972802494748,0.1947979927062988,0.1421069949865341,0.1603710055351257,1
2025-04-09,0.1603710055351257,0.1539741992950439,0.1694924488663673,0.1552211398502274,0.16692137850796987,0.19715801437409483,0.14182688335863977,0.1947979927062988,0.1421069949865341,0.153666004538536,-1
2025-04-10,0.153666004538536,0.15090200006961815,0.16882264912128447,0.15470276141299694,0.16565896193945237,0.19737055278577068,0.14027474545679827,0.1947979927062988,0.1421069949865341,0.1600890010595321,1
2025-04-11,0.1600890010595321,0.153150799870491,0.1684599488973617,0.15649817462850868,0.16512848947469808,0.19727012455425152,0.1396497732404719,0.1947979927062988,0.1421069949865341,0.1676110029220581,-1
2025-04-12,0.1676110029220581,0.1567688018083572,0.1682278491556644,0.1602024507263585,0.16536491932682762,0.19698410480600592,0.1394715935053229,0.1947979927062988,0.1421069949865341,0.1627919971942901,-1
2025-04-13,0.1627919971942901,0.16090580224990841,0.16722299903631205,0.16106563288233572,0.16511987912372883,0.19521655210944355,0.13922944596318054,0.1947979927062988,0.1421069949865341,0.158500999212265,-1
2025-04-14,0.158500999212265,0.16053180098533626,0.16560254916548725,0.16021075499231216,0.16448950960835132,0.19149612725648965,0.13970897107448485,0.1947979927062988,0.1421069949865341,0.1535499989986419,1
2025-04-15,0.1535499989986419,0.16050859987735744,0.1635401494801044,0.15799050299442208,0.16344765145504564,0.18598347120591802,0.14109682775429078,0.1904949992895126,0.1421069949865341,0.1546880006790161,-1
2025-04-16,0.1546880006790161,0.15942839980125423,0.16174979954957958,0.15688966888928677,0.16261339900018568,0.1805578455914879,0.14294175350767124,0.1801899969577789,0.1421069949865341,0.1557399928569793,1
2025-04-17,0.1557399928569793,0.15705419778823848,0.1605272993445396,0.15650644354518428,0.16195878889130888,0.1773637515998895,0.1436908470891897,0.1740860044956207,0.1421069949865341,0.1576160043478012,1
2025-04-18,0.1576160043478012,0.15601899921894072,0.15992984920740122,0.1568762971460566,0.16154519036335577,0.1762562607158149,0.14360343769898753,0.1740860044956207,0.1421069949865341,0.1573330014944076,1
2025-04-19,0.1573330014944076,0.15578539967536922,0.15948054939508433,0.15702853192884028,0.16114402951869405,0.1755593397931682,0.14340175899700044,0.1740860044956207,0.1421069949865341,0.1551840007305145,-1
2025-04-20,0.1551840007305145,0.15611220002174372,0.15890399962663648,0.15641368819606502,0.16057640772934362,0.1747152584184272,0.14309274083484577,0.1740860044956207,0.1421069949865341,0.15938800573349,1
2025-04-21,0.15938800573349,0.1570522010326385,0.15816909968852993,0.15740512737520668,0.16046322658688136,0.17228456323927305,0.14405363613778682,0.171097993850708,0.1421069949865341,0.1786479949951172,-1
2025-04-22,0.1786479949951172,0.1616338014602661,0.15889174938201903,0.1644860832485102,0.16219510929242761,0.1755559195286524,0.14222757923538565,0.1786479949951172,0.1421069949865341,0.1786050051450729,-1
2025-04-23,0.1786050051450729,0.16583160161972044,0.1597190000116825,0.16919239054736443,0.16375795651648908,0.17854751705993085,0.14089048296343412,0.1786479949951172,0.1421069949865341,0.1824570000171661,-1
2025-04-24,0.1824570000171661,0.17085640132427216,0.1602869503200054,0.17361392703729833,0.16553881780226787,0.18113739926142047,0.13943650137859032,0.1824570000171661,0.1421069949865341,0.1818300038576126,-1
2025-04-25,0.1818300038576126,0.17618560194969177,0.1609271004796028,0.17635261931073642,0.16709035933134833,0.18361277706972895,0.13824142388947663,0.1824570000171661,0.1421069949865341,0.181889995932579,-1
2025-04-26,0.181889995932579,0.18068599998950957,0.16257935017347333,0.1781984115180173,0.16849984853146555,0.18634755951898702,0.13881114082795964,0.1824570000171661,0.1421069949865341,0.1796720027923584,-1
2025-04-27,0.1796720027923584,0.1808908015489578,0.1640869006514549,0.17868960860946434,0.16956386322297917,0.18819014722147634,0.13998365408143346,0.1824570000171661,0.1421069949865341,0.1789519935846328,1
2025-04-28,0.1789519935846328,0.18096019923686976,0.16592915058135982,0.17877707026785383,0.17045797087647002,0.18854525053394786,0.14331305062877178,0.1824570000171661,0.1535499989986419,0.1746360063552856,1
2025-04-29,0.1746360063552856,0.17939600050449367,0.16664240062236782,0.1773967156303311,0.1708558790173096,0.18941962719793018,0.14386517404680546,0.1824570000171661,0.1535499989986419,0.1723400056362152,1
2025-04-30,0.1723400056362152,0.1774980008602142,0.16757610067725176,0.17571114563229248,0.1709972244095863,0.18963320203509543,0.1455189993194081,0.1824570000171661,0.1535499989986419,,0
