Date,ADA-USD,AVAX-USD,BNB-USD,BTC-USD,DOGE-USD,ETH-USD,SOL-USD,TON11419-USD,USDT-USD,XRP-USD
2024-05-01,0.44986599683761597,33.28810119628906,561.408203125,58254.01171875,0.1301340013742447,2969.78466796875,134.6279754638672,4.8858418464660645,0.9985569715499878,0.5170000195503235
2024-05-02,0.4582819938659668,33.61256408691406,560.5267333984375,59123.43359375,0.1321060061454773,2988.16845703125,137.81448364257812,5.138682842254639,1.00005304813385,0.5183290243148804
2024-05-03,0.46754398941993713,35.584896087646484,587.0104370117188,62889.8359375,0.1461459994316101,3103.5419921875,143.77255249023438,5.693695068359375,1.0005470514297485,0.5318940281867981
2024-05-04,0.463577002286911,37.36183166503906,585.8465576171875,63891.47265625,0.1601569950580597,3117.576416015625,146.1350555419922,5.754094123840332,1.000148057937622,0.5304049849510193
2024-05-05,0.4583339989185333,37.401939392089844,592.140380859375,64031.1328125,0.16106800734996796,3137.2490234375,145.71302795410156,5.96605920791626,1.0002540349960327,0.5297840237617493
2024-05-06,0.4542880058288574,37.138362884521484,588.4759521484375,63161.94921875,0.1566080003976822,3062.728759765625,152.80239868164062,5.7815961837768555,1.0000380277633667,0.5405470132827759
2024-05-07,0.4418730139732361,35.341732025146484,577.4862060546875,62334.81640625,0.15018999576568604,3006.5771484375,148.1343231201172,5.676781177520752,1.0,0.5247439742088318
2024-05-08,0.45255300402641296,34.04719924926758,588.1974487304688,61187.94140625,0.14329400658607483,2973.6572265625,142.29473876953125,5.763051986694336,0.999584972858429,0.5172299742698669
2024-05-09,0.4635010063648224,35.08065414428711,596.031982421875,63049.9609375,0.15211699903011322,3036.0205078125,152.84994506835938,6.399046897888184,0.9998679757118225,0.521028995513916
2024-05-10,0.4482499957084656,33.71251678466797,585.6221923828125,60792.77734375,0.14403100311756134,2909.791259765625,146.21690368652344,6.7735371589660645,0.9998610019683838,0.5023379921913147
2024-05-11,0.4388760030269623,33.479148864746094,592.0278930664062,60793.7109375,0.1429239958524704,2911.60205078125,145.3143768310547,6.886178016662598,0.9997590184211731,0.5059750080108643
2024-05-12,0.4376530051231384,33.167240142822266,594.424560546875,61448.39453125,0.1412310004234314,2928.701904296875,143.52081298828125,6.951006889343262,0.9995660185813904,0.49947500228881836
2024-05-13,0.43654000759124756,32.421722412109375,591.60693359375,62901.44921875,0.14843399822711945,2949.359619140625,147.28233337402344,7.021132946014404,0.9998559951782227,0.5049020051956177
2024-05-14,0.42806899547576904,31.568510055541992,566.70703125,61552.7890625,0.14541900157928467,2881.157958984375,142.0303955078125,6.847754001617432,0.9995920062065125,0.49988698959350586
2024-05-15,0.45298799872398376,34.67960739135742,582.0743408203125,66267.4921875,0.15552599728107452,3037.056640625,158.18682861328125,6.994947910308838,1.0005470514297485,0.5190039873123169
2024-05-16,0.4596950113773346,34.46154022216797,569.1902465820312,65231.58203125,0.14963699877262115,2945.131103515625,159.116455078125,6.771337985992432,1.0000979900360107,0.5156980156898499
2024-05-17,0.4819999933242798,36.423484802246094,581.1783447265625,67051.875,0.15556299686431885,3094.11865234375,169.53054809570312,6.619797229766846,1.0003999471664429,0.5238040089607239
2024-05-18,0.48240798711776733,37.268310546875,580.4811401367188,66940.8046875,0.15307700634002686,3122.948974609375,172.5391387939453,6.396705150604248,1.0002059936523438,0.5213900208473206
2024-05-19,0.467602014541626,35.621829986572266,574.6316528320312,66278.3671875,0.14910699427127838,3071.843017578125,170.0913543701172,6.261435031890869,0.9999120235443115,0.5096610188484192
2024-05-20,0.5017579793930054,40.13941955566406,600.6163330078125,71448.1953125,0.16568799316883087,3663.85546875,186.52049255371094,6.556013107299805,1.0000979900360107,0.5373330116271973
2024-05-21,0.4947740137577057,41.16374206542969,618.4204711914062,70136.53125,0.17047399282455444,3789.312744140625,178.11614990234375,6.321794033050537,0.999879002571106,0.5369830131530762
2024-05-22,0.48312699794769287,39.992427825927734,614.671875,69122.3359375,0.16616299748420715,3737.2177734375,176.86077880859375,6.531949996948242,0.999455988407135,0.5265100002288818
2024-05-23,0.46533000469207764,38.508544921875,598.6708374023438,67929.5625,0.1596129983663559,3776.92724609375,175.98577880859375,6.2031168937683105,0.9995790123939514,0.5282859802246094
2024-05-24,0.4594939947128296,37.99346923828125,600.2258911132812,68526.1015625,0.16380299627780914,3726.9345703125,167.7969207763672,6.3922600746154785,0.999809980392456,0.5357530117034912
2024-05-25,0.4620720148086548,38.287784576416016,602.1944580078125,69265.9453125,0.17396000027656555,3749.236572265625,168.43763732910156,6.377437114715576,0.9998850226402283,0.5418090224266052
2024-05-26,0.4583750069141388,36.752044677734375,599.825927734375,68518.09375,0.16621999442577362,3825.8974609375,163.3509063720703,6.308554172515869,0.9995279908180237,0.5282109975814819
2024-05-27,0.46796301007270813,38.234317779541016,603.5264282226562,69394.5546875,0.16909000277519226,3892.0068359375,169.9961395263672,6.392195224761963,0.9992120265960693,0.5337719917297363
2024-05-28,0.45699000358581543,36.99539566040039,601.2132568359375,68296.21875,0.16496199369430542,3840.25634765625,168.65084838867188,6.46333122253418,0.9989020228385925,0.5282350182533264
2024-05-29,0.45099499821662903,36.136924743652344,594.9720458984375,67578.09375,0.16369499266147614,3763.196533203125,168.0726776123047,6.492426872253418,0.9987620115280151,0.523248016834259
2024-05-30,0.44658100605010986,35.98757553100586,595.0267944335938,68364.9921875,0.15954400599002838,3746.849609375,166.97653198242188,6.477731227874756,0.9996579885482788,0.5188609957695007
2024-05-31,0.44746100902557373,36.05586242675781,593.5223388671875,67491.4140625,0.15913599729537964,3760.026611328125,165.63771057128906,6.337574005126953,0.9989950060844421,0.517799973487854
2024-06-01,0.44997501373291016,35.76011276245117,601.30419921875,67706.9375,0.16019999980926514,3813.198974609375,166.03067016601562,6.286479949951172,0.9992920160293579,0.5183129906654358
2024-06-02,0.4464940130710602,34.932491302490234,603.026611328125,67751.6015625,0.15720100700855255,3780.89599609375,163.24990844726562,6.818297863006592,0.9994029998779297,0.5134819746017456
2024-06-03,0.45703598856925964,35.04046630859375,626.4329833984375,68804.78125,0.15828199684619904,3766.38916015625,164.9234619140625,6.8143792152404785,0.9997990131378174,0.5200999975204468
2024-06-04,0.46148499846458435,36.07328796386719,686.201416015625,70567.765625,0.16144999861717224,3812.515869140625,171.8019256591797,7.3117241859436035,1.0002180337905884,0.5257650017738342
2024-06-05,0.46117499470710754,36.52158737182617,698.889404296875,71082.8203125,0.16323499381542206,3864.260986328125,173.48291015625,7.196506023406982,1.0001139640808105,0.5257109999656677
2024-06-06,0.4581019878387451,35.91181564331055,710.4640502929688,70757.1640625,0.16015900671482086,3811.60595703125,170.01622009277344,7.535858154296875,0.999521017074585,0.5215780138969421
2024-06-07,0.44964298605918884,33.507789611816406,683.3609619140625,69342.5859375,0.14830300211906433,3678.629150390625,162.50704956054688,7.212679862976074,0.9996240139007568,0.4989509880542755
2024-06-08,0.43657100200653076,32.29003143310547,682.6651611328125,69305.7734375,0.14605900645256042,3680.949951171875,157.96890258789062,7.032557010650635,0.9999189972877502,0.4931449890136719
2024-06-09,0.44410601258277893,32.96836853027344,673.3153076171875,69647.9921875,0.14677399396896362,3705.90380859375,162.08360290527344,7.111292839050293,0.9999039769172668,0.49858298897743225
2024-06-10,0.44046100974082947,32.274227142333984,624.3868408203125,69512.28125,0.1447400003671646,3666.717529296875,158.9280242919922,7.221634864807129,0.999580979347229,0.4966279864311218
2024-06-11,0.4218910038471222,31.541475296020508,602.55810546875,67332.03125,0.13810400664806366,3498.33056640625,149.42898559570312,6.939348220825195,0.9999409914016724,0.480320006608963
2024-06-12,0.4377959966659546,33.27341079711914,619.19482421875,68241.1875,0.14619599282741547,3559.61767578125,155.1775665283203,7.466599941253662,0.9996820092201233,0.49154001474380493
2024-06-13,0.4211849868297577,30.98321533203125,599.5150756835938,66756.3984375,0.1410599946975708,3469.28125,147.31442260742188,7.755602836608887,0.9996050000190735,0.4770050048828125
2024-06-14,0.41168299317359924,30.291038513183594,603.1805419921875,66011.09375,0.13496999442577362,3480.27197265625,143.0944366455078,8.177352905273438,0.9994710087776184,0.47427499294281006
2024-06-15,0.41369500756263733,29.987537384033203,607.8029174804688,66191.0,0.13656599819660187,3565.549560546875,145.41221618652344,7.910915851593018,0.9994670152664185,0.49069100618362427
2024-06-16,0.41637900471687317,30.038869857788086,610.0540161132812,66639.046875,0.1369370073080063,3620.5634765625,151.12550354003906,7.944208145141602,0.9992930293083191,0.4888319969177246
2024-06-17,0.40175798535346985,28.480154037475586,604.4673461914062,66490.296875,0.12888899445533752,3511.37890625,143.3342742919922,7.6962738037109375,0.9996449947357178,0.5051599740982056
2024-06-18,0.3835799992084503,26.618864059448242,588.7020874023438,65140.74609375,0.12229599803686142,3483.681396484375,137.50399780273438,7.134716033935547,0.9995499849319458,0.49094799160957336
2024-06-19,0.3837909996509552,26.89194107055664,598.771728515625,64960.296875,0.12234099954366684,3559.347412109375,135.60960388183594,6.948575019836426,0.9997959733009338,0.49324101209640503
2024-06-20,0.38424399495124817,27.544408798217773,587.107177734375,64828.65625,0.12441900372505188,3511.0869140625,133.47296142578125,7.1500349044799805,0.9993990063667297,0.4887160062789917
2024-06-21,0.37605199217796326,27.450439453125,585.9119262695312,64096.19921875,0.1240290030837059,3516.07568359375,134.5883026123047,7.110071182250977,0.9994789958000183,0.4889560043811798
2024-06-22,0.38481199741363525,25.6173152923584,590.7633666992188,64252.578125,0.1237889975309372,3494.8134765625,133.6702423095703,7.337308883666992,0.9995729923248291,0.4866209924221039
2024-06-23,0.3803029954433441,25.05120277404785,577.2108764648438,63180.796875,0.12225700169801712,3418.61181640625,128.59042358398438,7.512753963470459,0.999343991279602,0.4794889986515045
2024-06-24,0.3777649998664856,24.831315994262695,567.578125,60277.4140625,0.11904300004243851,3350.25634765625,132.24139404296875,7.485249996185303,0.9994080066680908,0.47414299845695496
2024-06-25,0.3918589949607849,25.399450302124023,578.1034545898438,61804.640625,0.12615300714969635,3395.029052734375,136.5592041015625,7.489404201507568,0.9998080134391785,0.4756850004196167
2024-06-26,0.38475000858306885,25.803598403930664,572.4017944335938,60811.27734375,0.12267900258302689,3369.477294921875,136.60914611816406,7.638155937194824,0.9993240237236023,0.46959999203681946
2024-06-27,0.3907009959220886,27.89529800415039,580.7982788085938,61604.80078125,0.126910999417305,3444.800537109375,149.44837951660156,7.7780351638793945,0.9985970258712769,0.47465500235557556
2024-06-28,0.38542601466178894,27.89578628540039,566.4644775390625,60320.13671875,0.12278900295495987,3373.635986328125,139.70339965820312,7.485001087188721,0.9981369972229004,0.4708850085735321
2024-06-29,0.38396498560905457,27.725507736206055,569.127685546875,60887.37890625,0.12169899791479111,3372.9677734375,140.01014709472656,7.599696159362793,0.9983659982681274,0.471994012594223
2024-06-30,0.392192006111145,29.360876083374023,581.7711181640625,62678.29296875,0.12430500239133835,3432.88916015625,146.49249267578125,7.636116981506348,0.9984089732170105,0.4754830002784729
2024-07-01,0.40290701389312744,28.816137313842773,576.6869506835938,62851.98046875,0.12344200164079666,3440.341552734375,146.59506225585938,7.738614082336426,0.9989680051803589,0.4766409993171692
2024-07-02,0.4177750051021576,28.642642974853516,578.9810791015625,62029.015625,0.1250160038471222,3416.354736328125,153.7004852294922,8.081932067871094,0.9984530210494995,0.48451998829841614
2024-07-03,0.4067380130290985,26.491296768188477,556.5777587890625,60173.921875,0.11847099661827087,3292.916748046875,140.73141479492188,7.884183883666992,0.9988530278205872,0.4667600095272064
2024-07-04,0.36285901069641113,24.446414947509766,513.9945068359375,56977.703125,0.10488700121641159,3054.52197265625,127.55081939697266,7.145671844482422,0.9996610283851624,0.43357399106025696
2024-07-05,0.3498849868774414,25.134418487548828,497.9958190917969,56662.375,0.10559400171041489,2981.5986328125,134.3693389892578,7.2231011390686035,1.0000269412994385,0.42549198865890503
2024-07-06,0.37122100591659546,27.44342613220215,527.6743774414062,58303.5390625,0.1136149987578392,3069.3779296875,143.24118041992188,7.607420921325684,1.0000979900360107,0.44905298948287964
2024-07-07,0.34661799669265747,25.705129623413086,490.6131286621094,55849.109375,0.10423199832439423,2929.38720703125,131.7740936279297,7.0731048583984375,0.9998319745063782,0.4198229908943176
2024-07-08,0.3690069913864136,25.222187042236328,510.6142578125,56705.09765625,0.1075809970498085,3018.73193359375,139.4636993408203,7.117735862731934,0.9998189806938171,0.4314799904823303
2024-07-09,0.375328004360199,26.421600341796875,516.568115234375,58009.2265625,0.10751300305128098,3064.032958984375,141.34844970703125,7.303134918212891,1.000012993812561,0.435916006565094
2024-07-10,0.38883501291275024,25.76766586303711,524.5165405273438,57742.49609375,0.10802199691534042,3102.21875,141.97479248046875,7.259851932525635,0.9998769760131836,0.4390380084514618
2024-07-11,0.39581701159477234,25.22551918029785,525.1380615234375,57344.9140625,0.10666699707508087,3100.330810546875,135.8832244873047,7.313138961791992,1.00006902217865,0.4490410089492798
2024-07-12,0.4165239930152893,25.974353790283203,533.75732421875,57899.46484375,0.10768499970436096,3134.15869140625,139.52801513671875,7.332427978515625,1.000223994255066,0.4747300148010254
2024-07-13,0.441415011882782,25.873245239257812,532.3488159179688,59231.953125,0.11235599964857101,3177.19873046875,141.9249725341797,7.279862880706787,1.0003000497817993,0.526328980922699
2024-07-14,0.43234801292419434,26.36935806274414,544.8187255859375,60787.79296875,0.11544899642467499,3244.0791015625,147.622314453125,7.432859897613525,1.0002800226211548,0.52286297082901
2024-07-15,0.44558200240135193,27.85492706298828,586.1410522460938,64870.15234375,0.12522800266742706,3489.552734375,159.93397521972656,7.628750801086426,1.0007929801940918,0.5378779768943787
2024-07-16,0.43818899989128113,28.03032875061035,576.583984375,65097.1484375,0.12493100017309189,3443.513427734375,160.5518798828125,7.275972843170166,1.0006259679794312,0.5793759822845459
2024-07-17,0.4367479979991913,27.253253936767578,568.9127197265625,64118.79296875,0.12188400328159332,3388.75244140625,155.5841064453125,7.114515781402588,1.0001859664916992,0.6264860033988953
2024-07-18,0.42390599846839905,27.138296127319336,571.9515380859375,63974.06640625,0.11949600279331207,3426.258544921875,159.07241821289062,7.253416061401367,0.9998310208320618,0.5695739984512329
2024-07-19,0.43903398513793945,28.1879940032959,593.7021484375,66710.15625,0.12547999620437622,3505.73486328125,169.1858673095703,7.30167818069458,1.0005179643630981,0.5737519860267639
2024-07-20,0.43763700127601624,29.130952835083008,593.5722045898438,67163.6484375,0.13443000614643097,3519.29541015625,173.89178466796875,7.2724480628967285,1.0004470348358154,0.5946509838104248
2024-07-21,0.44607698917388916,32.60565948486328,601.8511962890625,68154.5234375,0.14016899466514587,3536.60546875,184.54161071777344,7.167480945587158,1.0001909732818604,0.5974670052528381
2024-07-22,0.42654699087142944,31.858896255493164,587.9177856445312,67585.25,0.13788099586963654,3440.419921875,178.97828674316406,6.976692199707031,1.0004169940948486,0.6076369881629944
2024-07-23,0.41009700298309326,29.841068267822266,582.0995483398438,65927.671875,0.13039100170135498,3481.995849609375,172.757568359375,6.862778186798096,1.000161051750183,0.5974569916725159
2024-07-24,0.4068470001220703,28.39635467529297,574.5784912109375,65372.1328125,0.12808799743652344,3336.33935546875,178.0323028564453,6.8552632331848145,0.9998220205307007,0.6188430190086365
2024-07-25,0.3946709930896759,27.257287979125977,570.71337890625,65777.2265625,0.12522099912166595,3174.42724609375,171.96307373046875,6.612884998321533,0.9998109936714172,0.5998160243034363
2024-07-26,0.41774699091911316,28.708839416503906,581.0779418945312,67912.0625,0.13431799411773682,3275.951416015625,183.13671875,6.718739032745361,1.000175952911377,0.6040679812431335
2024-07-27,0.41819798946380615,28.0848331451416,581.5888061523438,67813.3359375,0.1315920054912567,3247.60791015625,184.0854034423828,6.6491289138793945,1.000087022781372,0.5967950224876404
2024-07-28,0.40738698840141296,27.40057373046875,584.099609375,68255.8671875,0.13007499277591705,3271.464599609375,184.88607788085938,6.61881685256958,0.9999079704284668,0.601947009563446
2024-07-29,0.404013991355896,27.083110809326172,574.642578125,66819.9140625,0.1286740005016327,3320.539306640625,182.7805938720703,6.632049083709717,0.9997950196266174,0.6020860075950623
2024-07-30,0.40167999267578125,26.339189529418945,587.6651000976562,66201.015625,0.12559500336647034,3278.667724609375,179.10719299316406,6.733029842376709,0.9998300075531006,0.6278769969940186
2024-07-31,0.38877299427986145,25.71908950805664,576.3681640625,64619.25,0.12201400101184845,3231.295654296875,171.82615661621094,6.760931015014648,0.9997329711914062,0.6239389777183533
2024-08-01,0.3927060067653656,25.723108291625977,575.146728515625,65357.5,0.11923599988222122,3201.564453125,167.672119140625,6.740725040435791,0.9991080164909363,0.5964639782905579
2024-08-02,0.36382201313972473,23.59450340270996,542.9151611328125,61415.06640625,0.11150799691677094,2986.01318359375,152.6382293701172,6.185431003570557,0.9986749887466431,0.5607709884643555
2024-08-03,0.364095002412796,22.68356704711914,529.4813232421875,60680.09375,0.10816899687051773,2903.3857421875,142.9219970703125,5.962784767150879,0.9995989799499512,0.5563910007476807
2024-08-04,0.3439379930496216,21.22766876220703,497.0390930175781,58116.9765625,0.10373300313949585,2686.39892578125,138.05508422851562,6.021151065826416,0.9996799826622009,0.5233960151672363
2024-08-05,0.31315499544143677,19.549341201782227,464.6269226074219,53991.45703125,0.0945030003786087,2417.206298828125,129.8643035888672,5.295702934265137,1.0003650188446045,0.48946601152420044
2024-08-06,0.3307819962501526,20.877193450927734,484.3238220214844,56034.31640625,0.09637100249528885,2458.723876953125,144.09036254882812,5.770187854766846,1.0005730390548706,0.5056970119476318
2024-08-07,0.3236980140209198,19.829347610473633,474.2247619628906,55027.4609375,0.09551499783992767,2336.58935546875,144.63209533691406,5.440051078796387,1.0002729892730713,0.6008099913597107
2024-08-08,0.35181400179862976,22.737106323242188,517.3375244140625,61710.13671875,0.10740400105714798,2683.352783203125,162.9307403564453,6.230607032775879,1.0002789497375488,0.6175770163536072
2024-08-09,0.3485470116138458,21.774154663085938,509.1827087402344,60880.11328125,0.10397399961948395,2599.5986328125,156.45721435546875,6.607494831085205,1.0005780458450317,0.5811529755592346
2024-08-10,0.3462890088558197,21.588260650634766,523.317626953125,60945.8125,0.10520199686288834,2610.02294921875,153.95916748046875,6.6805877685546875,1.0002110004425049,0.585578978061676
2024-08-11,0.32832199335098267,20.428546905517578,503.8045349121094,58719.484375,0.10056599974632263,2553.252197265625,141.52685546875,6.207942962646484,1.0000449419021606,0.5529320240020752
2024-08-12,0.33897700905799866,21.289514541625977,518.5361328125,59354.515625,0.1077670007944107,2724.431884765625,146.45423889160156,6.269207000732422,1.0001800060272217,0.5687680244445801
2024-08-13,0.3401539921760559,21.40406036376953,524.1285400390625,60609.56640625,0.1064160019159317,2703.671875,146.7126922607422,6.472332954406738,1.0002659559249878,0.576399028301239
2024-08-14,0.3354550004005432,20.972698211669922,524.0153198242188,58737.26953125,0.10255499929189682,2662.914794921875,143.9234619140625,6.9088921546936035,1.000290036201477,0.5691919922828674
2024-08-15,0.3253529965877533,20.141338348388672,519.870361328125,57560.09765625,0.10026700049638748,2570.087646484375,142.74581909179688,6.616733074188232,1.000236988067627,0.5609549880027771
2024-08-16,0.3304719924926758,20.394376754760742,519.9686279296875,58894.10546875,0.10043899714946747,2593.1865234375,139.33056640625,6.545817852020264,1.0002909898757935,0.564516007900238
2024-08-17,0.3368859887123108,20.670944213867188,542.2342529296875,59478.97265625,0.10275500267744064,2614.546875,141.7985076904297,6.440838813781738,1.0002089738845825,0.5663189888000488
2024-08-18,0.33483099937438965,20.819700241088867,531.6085205078125,58483.96484375,0.1001719981431961,2613.357177734375,142.58688354492188,6.909203052520752,1.000641942024231,0.5638750195503235
2024-08-19,0.3367530107498169,21.2274112701416,559.81884765625,59493.453125,0.10150399804115295,2637.306396484375,144.34368896484375,6.816068172454834,1.000525951385498,0.5986059904098511
2024-08-20,0.34368500113487244,22.425113677978516,569.2669677734375,59012.79296875,0.10300099849700928,2573.10693359375,143.16773986816406,6.711419105529785,1.0000460147857666,0.5944280028343201
2024-08-21,0.3690589964389801,23.527414321899414,570.0197143554688,61175.19140625,0.10615699738264084,2631.3955078125,142.70960998535156,6.50306510925293,1.0003060102462769,0.6002749800682068
2024-08-22,0.3765360116958618,25.26703453063965,583.0518798828125,60381.9140625,0.10530800372362137,2622.951416015625,143.2579345703125,6.503322124481201,1.0002280473709106,0.5976009964942932
2024-08-23,0.39153599739074707,26.519519805908203,591.8060302734375,64094.35546875,0.11292699724435806,2764.447021484375,153.10708618164062,6.717841148376465,1.0008389949798584,0.6112390160560608
2024-08-24,0.39400699734687805,27.165842056274414,580.76220703125,64178.9921875,0.11263100057840347,2769.3896484375,160.73175048828125,5.915122985839844,1.0004119873046875,0.6131100058555603
2024-08-25,0.3849790096282959,26.964920043945312,574.2499389648438,64333.54296875,0.10969799757003784,2749.15771484375,158.90911865234375,5.786217212677002,1.0005450248718262,0.6001840233802795
2024-08-26,0.36695700883865356,25.95624542236328,548.8280029296875,62880.66015625,0.10529199987649918,2681.340576171875,157.23687744140625,5.115549087524414,1.000201940536499,0.5874699950218201
2024-08-27,0.35051101446151733,24.101638793945312,533.9758911132812,59504.1328125,0.09905599802732468,2458.7265625,146.8970947265625,5.453750133514404,1.0003269910812378,0.5675539970397949
2024-08-28,0.35019201040267944,23.46433448791504,536.816162109375,59027.625,0.09962700307369232,2528.41552734375,143.89138793945312,5.523499011993408,1.0001499652862549,0.5698500275611877
2024-08-29,0.35704100131988525,22.90632438659668,536.6256713867188,59388.1796875,0.10042499750852585,2528.792724609375,140.0540313720703,5.45264196395874,1.0001590251922607,0.5620549917221069
2024-08-30,0.34715399146080017,23.286901473999023,535.3157958984375,59119.4765625,0.10204300284385681,2525.822021484375,138.09999084472656,5.374205112457275,0.9998930096626282,0.5670310258865356
2024-08-31,0.3453519940376282,22.797574996948242,532.89697265625,58969.8984375,0.10133200138807297,2513.393798828125,135.37425231933594,5.421769142150879,0.9998840093612671,0.5663130283355713
2024-09-01,0.33173999190330505,21.44817352294922,512.59521484375,57325.48828125,0.09535399824380875,2427.90234375,128.6905517578125,5.188187122344971,1.0000059604644775,0.5479900240898132
2024-09-02,0.3359679877758026,22.36886215209961,526.438720703125,59112.48046875,0.09911499917507172,2538.187255859375,135.0023651123047,5.217682838439941,0.9998949766159058,0.5675870180130005
2024-09-03,0.3185510039329529,21.383655548095703,518.6689453125,57431.0234375,0.09671899676322937,2420.603759765625,127.57758331298828,4.8933820724487305,0.9997509717941284,0.5573909878730774
2024-09-04,0.32352399826049805,21.89966583251953,507.82049560546875,57971.5390625,0.09802500158548355,2448.97705078125,133.60391235351562,4.623353958129883,1.0000189542770386,0.5581759810447693
2024-09-05,0.32506200671195984,21.366561889648438,502.0693664550781,56160.48828125,0.0983090028166771,2367.737548828125,129.32894897460938,4.808022975921631,0.999754011631012,0.5441960096359253
2024-09-06,0.31471800804138184,21.147371292114258,486.9027404785156,53948.75390625,0.0924839973449707,2223.87646484375,124.99007415771484,4.651219844818115,0.9997419714927673,0.5213469862937927
2024-09-07,0.3250730037689209,21.797344207763672,493.22613525390625,54139.6875,0.09526100009679794,2274.107177734375,127.72156524658203,4.666956901550293,0.9998499751091003,0.5250920057296753
2024-09-08,0.33865898847579956,23.215967178344727,503.0001525878906,54841.56640625,0.0960799977183342,2297.29296875,129.98951721191406,4.8977370262146,0.99993497133255,0.5292909741401672
2024-09-09,0.34340599179267883,23.859668731689453,518.5453491210938,57019.53515625,0.10382899641990662,2358.482177734375,135.02561950683594,5.217030048370361,1.0001449584960938,0.5396379828453064
2024-09-10,0.3434770107269287,24.359909057617188,517.4838256835938,57648.7109375,0.1027119979262352,2389.5810546875,135.63522338867188,5.544713973999023,1.0000170469284058,0.5410779714584351
2024-09-11,0.3530539870262146,23.29693603515625,530.1940307617188,57343.171875,0.10137800127267838,2339.841552734375,132.4973907470703,5.389104843139648,1.0001369714736938,0.5353119969367981
2024-09-12,0.3562929928302765,24.028888702392578,544.3037719726562,58127.01171875,0.10279899835586548,2361.78173828125,136.14190673828125,5.5862717628479,0.9999719858169556,0.5625759959220886
2024-09-13,0.36090001463890076,24.952272415161133,557.01806640625,60571.30078125,0.10711400210857391,2441.607177734375,139.1005401611328,5.807606220245361,1.0007779598236084,0.5731490254402161
2024-09-14,0.35447999835014343,25.330501556396484,553.5650634765625,60005.12109375,0.10546699911355972,2418.595703125,137.17977905273438,5.679092884063721,1.0002069473266602,0.5961989760398865
2024-09-15,0.3385230004787445,23.837696075439453,553.9722900390625,59182.8359375,0.10293299704790115,2320.897216796875,131.4993896484375,5.560542106628418,1.000067949295044,0.5709750056266785
2024-09-16,0.3303059935569763,23.51923179626465,533.80908203125,58192.5078125,0.09969300031661987,2295.28369140625,131.47259521484375,5.482947826385498,0.9999369978904724,0.585407018661499
2024-09-17,0.33391299843788147,23.75840187072754,546.0135498046875,60308.5390625,0.10113699734210968,2341.707763671875,131.53707885742188,5.521687030792236,1.0000879764556885,0.5845019817352295
2024-09-18,0.3429360091686249,24.63865089416504,559.0445556640625,61649.6796875,0.10358499735593796,2369.72900390625,133.99185180664062,5.633037090301514,1.0004349946975708,0.585250973701477
2024-09-19,0.35094499588012695,26.65570831298828,566.2235107421875,62940.45703125,0.10503099858760834,2464.752197265625,142.83627319335938,5.683420181274414,1.0001980066299438,0.5873709917068481
2024-09-20,0.3521139919757843,27.599931716918945,568.5850830078125,63192.9765625,0.10547100007534027,2561.072021484375,146.56680297851562,5.580862998962402,1.0001109838485718,0.5851709842681885
2024-09-21,0.3585759997367859,27.84765625,589.0379638671875,63394.83984375,0.11004900187253952,2615.857177734375,149.52703857421875,5.674170017242432,1.000309944152832,0.5981410145759583
2024-09-22,0.3517720103263855,27.337196350097656,588.0869140625,63648.7109375,0.1063390001654625,2582.862548828125,144.80364990234375,5.627950191497803,1.0000879764556885,0.5876209735870361
2024-09-23,0.3637309968471527,27.407100677490234,604.3660278320312,63329.80078125,0.1081560030579567,2648.54638671875,144.8149871826172,5.640501022338867,0.9999989867210388,0.5850650072097778
2024-09-24,0.38773301243782043,28.481760025024414,606.5230712890625,64301.96875,0.10977499932050705,2654.35498046875,152.89215087890625,5.61737585067749,0.9999679923057556,0.591543972492218
2024-09-25,0.38108301162719727,27.290143966674805,587.3525390625,63143.14453125,0.10850399732589722,2579.388671875,148.02342224121094,5.731389045715332,0.9998549818992615,0.5835409760475159
2024-09-26,0.40188199281692505,29.154499053955078,596.7769165039062,65181.01953125,0.11817599833011627,2632.199951171875,155.5760955810547,5.791182994842529,1.0002429485321045,0.5904210209846497
2024-09-27,0.4023280143737793,30.449289321899414,607.8670043945312,65790.6640625,0.12371399998664856,2695.900634765625,157.74993896484375,5.986011981964111,1.0001790523529053,0.5889269709587097
2024-09-28,0.40105199813842773,29.330692291259766,601.5671997070312,65887.6484375,0.12867100536823273,2677.5390625,156.9124298095703,5.891312122344971,1.0001859664916992,0.6148009896278381
2024-09-29,0.39759698510169983,29.069881439208984,596.4111938476562,65635.3046875,0.1246739998459816,2659.346923828125,158.62916564941406,5.849178791046143,1.0001399517059326,0.6419469714164734
2024-09-30,0.3732140064239502,27.738948822021484,567.2600708007812,63329.5,0.11442799866199493,2603.062744140625,152.61846923828125,5.716042995452881,0.999813973903656,0.6114919781684875
2024-10-01,0.3524410128593445,25.86651611328125,547.9971313476562,60837.0078125,0.10704299807548523,2448.921142578125,145.28988647460938,5.379319190979004,0.9997879862785339,0.5975300073623657
2024-10-02,0.3440049886703491,25.381216049194336,542.7123413085938,60632.78515625,0.10475900024175644,2365.231689453125,140.38555908203125,5.297545909881592,0.9997509717941284,0.5398309826850891
2024-10-03,0.34523698687553406,24.65347671508789,544.4249877929688,60759.40234375,0.10509900003671646,2349.791259765625,136.78518676757812,5.3299970626831055,0.9999939799308777,0.5219529867172241
2024-10-04,0.3513979911804199,26.24127960205078,555.3842163085938,62067.4765625,0.10926400125026703,2414.7939453125,143.17227172851562,5.4018778800964355,1.0001510381698608,0.5343409776687622
2024-10-05,0.35071998834609985,25.690710067749023,563.2091674804688,62089.94921875,0.10948699712753296,2415.6318359375,142.7117462158203,5.232656002044678,0.9999759793281555,0.5294960141181946
2024-10-06,0.357230007648468,26.928571701049805,570.542724609375,62818.953125,0.1114799976348877,2439.957763671875,146.44236755371094,5.311295032501221,0.9998459815979004,0.5335919857025146
2024-10-07,0.3514670133590698,26.556774139404297,564.1497192382812,62236.66015625,0.10865499824285507,2421.796630859375,143.99179077148438,5.202454090118408,0.9999709725379944,0.5299339890480042
2024-10-08,0.3445169925689697,26.33306884765625,580.4038696289062,62131.96875,0.10704399645328522,2439.8408203125,143.39442443847656,5.197074890136719,0.9994199872016907,0.5308679938316345
2024-10-09,0.3397020101547241,25.766281127929688,570.2771606445312,60582.1015625,0.10793899744749069,2368.283447265625,139.31553649902344,5.065079212188721,0.9990710020065308,0.5243319869041443
2024-10-10,0.3388899862766266,25.854782104492188,562.7257690429688,60274.5,0.10598000138998032,2383.85791015625,138.88841247558594,5.129787921905518,0.9992089867591858,0.529977023601532
2024-10-11,0.35118499398231506,27.41640853881836,572.8572387695312,62445.08984375,0.11073300242424011,2436.513427734375,145.3811492919922,5.209496021270752,0.9997559785842896,0.5382969975471497
2024-10-12,0.3532150089740753,28.627531051635742,576.4497680664062,63193.0234375,0.11141599714756012,2476.523193359375,146.5002899169922,5.2438812255859375,0.9997569918632507,0.5395600199699402
2024-10-13,0.34803399443626404,29.171485900878906,571.8217163085938,62851.375,0.11133600026369095,2467.677001953125,147.5724334716797,5.1882710456848145,0.9995570182800293,0.5315399765968323
2024-10-14,0.36388900876045227,29.062816619873047,588.9004516601562,66046.125,0.11665400117635727,2628.89990234375,157.44512939453125,5.31931209564209,0.9995030164718628,0.5480210185050964
2024-10-15,0.3585270047187805,28.191293716430664,594.189208984375,67041.109375,0.11752700060606003,2606.02197265625,154.7206268310547,5.2197489738464355,0.9998080134391785,0.5414519906044006
2024-10-16,0.352524995803833,28.043020248413086,600.8178100585938,67612.71875,0.12577299773693085,2611.10205078125,154.23422241210938,5.2272629737854,0.9998350143432617,0.5480449795722961
2024-10-17,0.34303200244903564,27.261091232299805,592.0396118164062,67399.8359375,0.12965799868106842,2604.2734375,150.31602478027344,5.176008224487305,0.9996830224990845,0.5436580181121826
2024-10-18,0.3507100045681,28.100568771362305,599.364990234375,68418.7890625,0.13721300661563873,2641.55224609375,154.97593688964844,5.249269962310791,0.9999079704284668,0.5465409755706787
2024-10-19,0.35166099667549133,28.108549118041992,597.9749145507812,68362.734375,0.14452700316905975,2648.656982421875,159.6393585205078,5.267914772033691,0.9999489784240723,0.5442569851875305
2024-10-20,0.3648410141468048,28.93516731262207,605.517822265625,69001.703125,0.14208300411701202,2746.364013671875,166.9398193359375,5.341104030609131,0.999701976776123,0.547652006149292
2024-10-21,0.36095601320266724,27.74962615966797,598.8175659179688,67367.8515625,0.14369000494480133,2665.712158203125,166.2168731689453,5.195440769195557,0.9998329877853394,0.5448629856109619
2024-10-22,0.36381998658180237,27.603822708129883,593.3606567382812,67361.40625,0.13950799405574799,2620.197509765625,167.26014709472656,5.217907905578613,0.9993879795074463,0.5333790183067322
2024-10-23,0.34861400723457336,26.662872314453125,582.473388671875,66432.1953125,0.138496994972229,2509.098876953125,170.9324951171875,5.1185150146484375,0.9991940259933472,0.525210976600647
2024-10-24,0.34630998969078064,26.833412170410156,594.15478515625,68161.0546875,0.14198699593544006,2534.49853515625,177.1569366455078,5.120161056518555,0.9995070099830627,0.5317609906196594
2024-10-25,0.3244119882583618,24.892988204956055,574.2536010742188,66642.4140625,0.13101300597190857,2435.93408203125,164.75689697265625,4.7689337730407715,0.9981629848480225,0.5019189715385437
2024-10-26,0.3333500027656555,25.386613845825195,582.8060913085938,67014.6953125,0.13735699653625488,2479.603271484375,170.70596313476562,4.920238971710205,0.9987220168113708,0.5127609968185425
2024-10-27,0.33987200260162354,25.732751846313477,588.7158203125,67929.296875,0.14431199431419373,2505.940673828125,176.5491943359375,4.979740142822266,0.9987450242042542,0.516381025314331
2024-10-28,0.3437960147857666,26.255901336669922,600.5960693359375,69907.7578125,0.1611499935388565,2565.34814453125,178.1049041748047,5.013052940368652,0.999305009841919,0.5192270278930664
2024-10-29,0.35565099120140076,26.848377227783203,605.6682739257812,72720.4921875,0.17583900690078735,2637.95751953125,179.36074829101562,5.016650199890137,0.9997289776802063,0.5279160141944885
2024-10-30,0.35526400804519653,26.1982421875,595.7278442382812,72339.5390625,0.16814599931240082,2657.37255859375,174.9249725341797,4.988763809204102,0.9996320009231567,0.5229740142822266
2024-10-31,0.34184500575065613,25.01712417602539,576.0344848632812,70215.1875,0.16137200593948364,2515.79931640625,168.42999267578125,4.840088844299316,0.9986230134963989,0.5092369914054871
2024-11-01,0.3570899963378906,24.79058074951172,572.7622680664062,69482.46875,0.1591850072145462,2511.885498046875,166.2621307373047,4.893972873687744,0.9994419813156128,0.5128679871559143
2024-11-02,0.3477709889411926,24.088130950927734,568.0368041992188,69289.2734375,0.15931600332260132,2491.068603515625,166.01034545898438,4.870028972625732,0.9996569752693176,0.509850025177002
2024-11-03,0.3342849910259247,23.538249969482422,557.6416015625,68741.1171875,0.15145400166511536,2456.42529296875,162.55130004882812,4.822049140930176,0.9995909929275513,0.5029309988021851
2024-11-04,0.3260189890861511,22.70597267150879,552.0711059570312,67811.5078125,0.1583459973335266,2397.0263671875,157.74710083007812,4.697054862976074,0.9995650053024292,0.5032259821891785
2024-11-05,0.33392399549484253,23.99547576904297,563.612060546875,69359.5625,0.17017999291419983,2422.650634765625,166.72239685058594,4.67577600479126,1.0000009536743164,0.5140290260314941
2024-11-06,0.36332300305366516,27.033344268798828,591.9952392578125,75639.078125,0.19665800034999847,2724.169189453125,186.9547882080078,4.808381080627441,1.000830054283142,0.5424270033836365
2024-11-07,0.40501299500465393,27.383121490478516,598.4359130859375,75904.859375,0.19315899908542633,2895.58544921875,196.3345947265625,4.898087978363037,1.0007150173187256,0.5547320246696472
2024-11-08,0.4438149929046631,28.776140213012695,597.9484252929688,76545.4765625,0.20213200151920319,2962.296630859375,199.9390106201172,4.929407119750977,1.0004589557647705,0.554078996181488
2024-11-09,0.4936800003051758,30.41794776916504,624.3746948242188,76778.8671875,0.21876099705696106,3131.14453125,200.19491577148438,5.246652126312256,1.000440001487732,0.559486985206604
2024-11-10,0.5903090238571167,31.9826717376709,628.302490234375,80474.1875,0.27909499406814575,3191.331298828125,210.6137237548828,5.280305862426758,1.0006929636001587,0.589381992816925
2024-11-11,0.6138079762458801,35.75919723510742,661.88720703125,88701.484375,0.3495210111141205,3374.81298828125,222.6416778564453,5.500155925750732,1.0011160373687744,0.6204670071601868
2024-11-12,0.5739179849624634,34.04673385620117,627.0038452148438,87955.8125,0.3822210133075714,3246.25732421875,212.2318115234375,5.482510089874268,1.0009820461273193,0.7076990008354187
2024-11-13,0.5787749886512756,33.13338851928711,621.0003051757812,90584.1640625,0.399522989988327,3192.595947265625,215.18455505371094,5.26442289352417,1.0012710094451904,0.6902880072593689
2024-11-14,0.5801159739494324,31.160669326782227,621.6801147460938,87250.4296875,0.36164599657058716,3058.94873046875,209.2190704345703,5.2353339195251465,1.0000189542770386,0.7730069756507874
2024-11-15,0.6740599870681763,33.146217346191406,618.866455078125,91066.0078125,0.37918901443481445,3103.04052734375,218.09490966796875,5.398889064788818,1.0003670454025269,0.8920909762382507
2024-11-16,0.7387340068817139,35.11469268798828,622.3731689453125,90558.4765625,0.3637480139732361,3133.27392578125,215.8488311767578,5.647059917449951,1.0002599954605103,1.119089961051941
2024-11-17,0.7023249864578247,34.73808670043945,618.4000854492188,89845.8515625,0.3665600121021271,3075.66162109375,237.57553100585938,5.379650115966797,1.0002189874649048,1.0543349981307983
2024-11-18,0.7345799803733826,35.448455810546875,619.4354858398438,90542.640625,0.37174099683761597,3207.8564453125,239.79425048828125,5.574151992797852,1.0005910396575928,1.1179360151290894
2024-11-19,0.7396420240402222,34.27410888671875,615.9874267578125,92343.7890625,0.3913559913635254,3111.384033203125,238.09754943847656,5.4543561935424805,1.0013370513916016,1.1019469499588013
2024-11-20,0.8003450036048889,33.58571243286133,606.1174926757812,94339.4921875,0.37749698758125305,3072.18798828125,235.4236602783203,5.289453983306885,1.0007619857788086,1.102301001548767
2024-11-21,0.8204740285873413,35.82438659667969,622.8263549804688,98504.7265625,0.38761699199676514,3361.053955078125,257.0658874511719,5.513010025024414,1.001054048538208,1.2503520250320435
2024-11-22,1.010422945022583,43.08974075317383,633.513427734375,98997.6640625,0.41292399168014526,3331.600830078125,256.5186767578125,5.448276996612549,1.0011210441589355,1.4690190553665161
2024-11-23,1.066236972808838,41.489986419677734,651.197265625,97777.28125,0.4300119876861572,3396.223388671875,255.1785125732422,6.311885833740234,1.0009260177612305,1.469007968902588
2024-11-24,1.0231059789657593,42.04306411743164,660.3175659179688,98013.8203125,0.4298819899559021,3363.659912109375,252.91952514648438,6.1451897621154785,1.000862956047058,1.4324109554290771
2024-11-25,0.9456890225410461,41.39607620239258,636.6397094726562,93102.296875,0.39333999156951904,3413.5439453125,234.4466094970703,6.088575839996338,0.9999889731407166,1.415423035621643
2024-11-26,0.9612320065498352,42.77906036376953,613.5872802734375,91985.3203125,0.3876180052757263,3326.517333984375,230.9781951904297,6.142168998718262,0.9996539950370789,1.4013229608535767
2024-11-27,1.0133459568023682,43.91240692138672,644.948486328125,95962.53125,0.40152499079704285,3657.249267578125,242.30221557617188,6.38447380065918,1.0009939670562744,1.4728120565414429
2024-11-28,1.0335079431533813,42.84018325805664,654.3616333007812,95652.46875,0.4020180106163025,3579.8115234375,237.76400756835938,6.439205169677734,1.0001540184020996,1.5413429737091064
2024-11-29,1.0768580436706543,44.924110412597656,654.8097534179688,97461.5234375,0.42583900690078735,3593.494384765625,243.54949951171875,6.455348014831543,1.000365972518921,1.7967309951782227
2024-11-30,1.0789419412612915,44.89286804199219,654.3291625976562,96449.0546875,0.42197099328041077,3705.705322265625,237.74374389648438,6.828771114349365,1.0006300210952759,1.94412100315094
2024-12-01,1.1552519798278809,45.09182357788086,655.9324951171875,97279.7890625,0.4400230050086975,3711.1650390625,237.06993103027344,6.859982013702393,1.0007619857788086,2.320223093032837
2024-12-02,1.2017760276794434,52.31305694580078,647.594482421875,95865.3046875,0.42467001080513,3644.198486328125,225.75619506835938,6.569180965423584,1.0003490447998047,2.7138049602508545
2024-12-03,1.198125958442688,50.999488830566406,737.6965942382812,96002.1640625,0.4078820049762726,3620.711669921875,234.2003173828125,6.775384902954102,1.0009859800338745,2.525527000427246
2024-12-04,1.1873199939727783,52.81734085083008,739.2527465820312,98768.53125,0.4319570064544678,3841.3310546875,229.11929321289062,6.894521236419678,1.0013370513916016,2.3544440269470215
2024-12-05,1.1847120523452759,50.81978225708008,714.3219604492188,96593.5703125,0.4305860102176666,3811.00830078125,233.9987030029297,6.803852081298828,1.0022239685058594,2.295206069946289
2024-12-06,1.2311069965362549,52.589290618896484,732.0062866210938,99920.7109375,0.43570899963378906,4005.810546875,237.0510711669922,6.809403896331787,1.001539945602417,2.424736976623535
2024-12-07,1.214195966720581,51.6760368347168,750.2726440429688,99923.3359375,0.4538869857788086,4002.692626953125,238.54795837402344,6.809882164001465,1.000910997390747,2.616624116897583
2024-12-08,1.1962909698486328,53.933502197265625,743.295654296875,101236.015625,0.4672969877719879,4005.70458984375,236.67233276367188,6.775525093078613,1.0008009672164917,2.6083478927612305
2024-12-09,1.0075490474700928,45.23026657104492,689.9243774414062,97432.71875,0.41471898555755615,3718.6904296875,217.34146118164062,5.79444694519043,1.0004470348358154,2.218951940536499
2024-12-10,1.0201610326766968,44.63996505737305,676.98291015625,96675.4296875,0.39452001452445984,3631.833740234375,213.82461547851562,5.945483207702637,1.0006979703903198,2.3691599369049072
2024-12-11,1.0888899564743042,48.37092590332031,711.8114013671875,101173.03125,0.41449201107025146,3832.822021484375,227.44683837890625,6.34828519821167,1.0005509853363037,2.4000699520111084
2024-12-12,1.1250159740447998,53.11970138549805,705.9442138671875,100043.0,0.40654799342155457,3883.1015625,227.02671813964844,6.343732833862305,1.0001039505004883,2.3427700996398926
2024-12-13,1.1196019649505615,52.70176315307617,726.2548217773438,101459.2578125,0.40908101201057434,3911.205322265625,224.83729553222656,6.278275012969971,1.0001319646835327,2.421319007873535
2024-12-14,1.0605119466781616,49.83277130126953,715.6956787109375,101372.96875,0.39797601103782654,3868.4052734375,219.84075927734375,6.2445068359375,0.9997119903564453,2.398705005645752
2024-12-15,1.1017080545425415,50.754615783691406,719.13427734375,104298.6953125,0.4062719941139221,3951.941162109375,223.6576690673828,6.393869876861572,0.9994379878044128,2.4469499588012695
2024-12-16,1.0788559913635254,48.99325942993164,720.3263549804688,106029.71875,0.4019339978694916,3987.48095703125,216.3349609375,6.062139987945557,1.0001410245895386,2.4886579513549805
2024-12-17,1.0515249967575073,47.83877182006836,716.6824951171875,106140.6015625,0.394336998462677,3886.76611328125,222.8167266845703,5.811041831970215,1.0000519752502441,2.565190076828003
2024-12-18,0.9684200286865234,42.80390930175781,687.623779296875,100041.5390625,0.358038991689682,3618.791259765625,206.38174438476562,5.444293975830078,0.9996659755706787,2.3033180236816406
2024-12-19,0.8855019807815552,38.91089630126953,666.5693359375,97490.953125,0.31506600975990295,3417.927978515625,194.28451538085938,5.204494953155518,0.9991999864578247,2.2488911151885986
2024-12-20,0.9510110020637512,39.81724548339844,678.0866088867188,97755.9296875,0.3177129924297333,3472.553466796875,194.2081756591797,5.448608875274658,0.9995260238647461,2.276885986328125
2024-12-21,0.9046940207481384,37.401676177978516,663.2794799804688,97224.7265625,0.32095101475715637,3337.222412109375,181.30145263671875,5.30400276184082,0.9997699856758118,2.238111972808838
2024-12-22,0.8829759955406189,36.51603317260742,648.7047119140625,95104.9375,0.31219199299812317,3277.53515625,180.16891479492188,5.381072998046875,0.9990730285644531,2.1993319988250732
2024-12-23,0.9242460131645203,39.02850341796875,693.000732421875,94686.2421875,0.3242189884185791,3415.785400390625,189.75369262695312,5.587271213531494,0.9987210035324097,2.2572619915008545
2024-12-24,0.936460018157959,41.21257781982422,696.7411499023438,98676.09375,0.3369239866733551,3492.0498046875,196.98902893066406,5.791244029998779,0.9993100166320801,2.3246240615844727
2024-12-25,0.916858971118927,40.24849319458008,702.3269653320312,99299.1953125,0.33431899547576904,3493.2353515625,197.4790802001953,5.938918113708496,0.9991679787635803,2.2959699630737305
2024-12-26,0.8597850203514099,37.28079605102539,688.360107421875,95795.515625,0.31225600838661194,3331.225830078125,188.21810913085938,5.746761798858643,0.9987840056419373,2.154339075088501
2024-12-27,0.8747680187225342,36.48052215576172,690.4293823242188,94164.859375,0.31103599071502686,3328.9169921875,183.82847595214844,5.72309684753418,0.9986330270767212,2.1416499614715576
2024-12-28,0.8878170251846313,37.66184616088867,720.9590454101562,95163.9296875,0.32391899824142456,3397.90234375,195.01353454589844,5.799644947052002,0.9981849789619446,2.180824041366577
2024-12-29,0.8586400151252747,35.826663970947266,693.7545166015625,93530.2265625,0.31431999802589417,3349.513427734375,189.7442626953125,5.627780914306641,0.9981480240821838,2.093179941177368
2024-12-30,0.8600170016288757,35.90605545043945,704.1463012695312,92643.2109375,0.31351399421691895,3356.392578125,191.02804565429688,5.576026916503906,0.9980729818344116,2.0575709342956543
2024-12-31,0.8437650203704834,35.6909294128418,700.9868774414062,93429.203125,0.31568101048469543,3332.53173828125,189.2644805908203,5.48998498916626,0.9980779886245728,2.0801279544830322
2025-01-01,0.9175919890403748,37.69343948364258,706.512939453125,94419.7578125,0.32430601119995117,3353.504150390625,193.8737335205078,5.502124786376953,0.9978430271148682,2.322340965270996
2025-01-02,0.9613450169563293,39.22916030883789,705.6785888671875,96886.875,0.3386099934577942,3451.392578125,207.7670440673828,5.63847017288208,0.999114990234375,2.403369903564453
2025-01-03,1.0903760194778442,41.88275146484375,713.6435546875,98107.4296875,0.3792789876461029,3605.009765625,217.74732971191406,5.79089879989624,0.9995020031929016,2.4528961181640625
2025-01-04,1.0714000463485718,42.681068420410156,713.8411865234375,98236.2265625,0.39474600553512573,3657.706787109375,216.6229248046875,5.72622013092041,0.999983012676239,2.4195950031280518
2025-01-05,1.0934669971466064,43.0792350769043,709.25830078125,98314.9609375,0.3825629949569702,3634.103759765625,213.3936309814453,5.725685119628906,0.9998540282249451,2.3997271060943604
2025-01-06,1.0941239595413208,44.097415924072266,729.4000854492188,102078.0859375,0.38795700669288635,3688.611328125,218.72312927246094,5.71052885055542,1.000427007675171,2.418807029724121
2025-01-07,0.9920099973678589,39.26634216308594,697.368896484375,96922.703125,0.34843701124191284,3381.577392578125,202.23025512695312,5.317665100097656,0.9999240040779114,2.2723500728607178
2025-01-08,0.9480310082435608,37.422332763671875,695.837158203125,95043.5234375,0.34224799275398254,3326.329345703125,197.55905151367188,5.308858871459961,0.9997599720954895,2.375304937362671
2025-01-09,0.9059900045394897,36.18815612792969,685.1207275390625,92484.0390625,0.3209120035171509,3219.4306640625,185.02528381347656,5.1995720863342285,0.9999650120735168,2.275212049484253
2025-01-10,0.9314529895782471,36.68634796142578,693.6244506835938,94701.453125,0.3339810073375702,3267.489990234375,187.5791778564453,5.38058614730835,0.9999110102653503,2.343251943588257
2025-01-11,0.9945240020751953,37.095218658447266,696.6578369140625,94566.59375,0.34095498919487,3282.2177734375,187.99551391601562,5.3976240158081055,0.9996119737625122,2.576770067214966
2025-01-12,0.9685549736022949,36.55796432495117,693.0482788085938,94488.4375,0.33595898747444153,3265.951171875,188.5603790283203,5.302678108215332,0.999534010887146,2.5063140392303467
2025-01-13,0.9447420239448547,35.28932571411133,688.2675170898438,94516.5234375,0.3382990062236786,3135.499755859375,182.83535766601562,5.293434143066406,0.9995449781417847,2.522934913635254
2025-01-14,0.9949089884757996,36.50234603881836,698.6196899414062,96534.046875,0.3561199903488159,3223.6845703125,187.49859619140625,5.35910701751709,0.9997929930686951,2.669132947921753
2025-01-15,1.0791540145874023,39.852821350097656,714.0284423828125,100504.4921875,0.3857100009918213,3450.53759765625,205.91134643554688,5.5190582275390625,1.0000330209732056,3.155057907104492
2025-01-16,1.0900989770889282,40.04843521118164,708.2980346679688,99756.90625,0.3767479956150055,3308.34521484375,211.22784423828125,5.476134777069092,0.9998999834060669,3.245539903640747
2025-01-17,1.1351219415664673,41.39154052734375,721.75048828125,104462.0390625,0.41593900322914124,3474.107177734375,219.62161254882812,5.588894844055176,1.000296950340271,3.2986350059509277
2025-01-18,1.10207200050354,39.24570846557617,709.4249877929688,104408.0703125,0.39608100056648254,3305.78955078125,261.8697509765625,5.286500930786133,0.9990590214729309,3.2740190029144287
2025-01-19,0.991191029548645,35.575374603271484,682.2039794921875,101089.609375,0.35775700211524963,3208.96435546875,250.58636474609375,4.8533220291137695,0.9990329742431641,2.954716920852661
2025-01-20,1.0086439847946167,35.95790481567383,681.8033447265625,102016.6640625,0.3546079993247986,3278.035400390625,242.25022888183594,5.026426792144775,0.9989510178565979,3.09983491897583
2025-01-21,1.004654049873352,36.922481536865234,691.8165893554688,106146.265625,0.3715769946575165,3327.40625,250.41378784179688,5.1969218254089355,0.9999179840087891,3.1693999767303467
2025-01-22,0.9816439747810364,36.75145721435547,694.9832153320312,103653.0703125,0.3630560040473938,3240.224609375,257.23736572265625,5.287744045257568,0.9995419979095459,3.171104907989502
2025-01-23,0.9874939918518066,35.59188461303711,690.2037353515625,103960.171875,0.3523530066013336,3334.714111328125,253.4552001953125,5.128888130187988,1.0001579523086548,3.1198909282684326
2025-01-24,0.9714940190315247,35.338050842285156,680.2131958007812,104819.484375,0.350739985704422,3309.554931640625,253.36122131347656,5.060594081878662,0.999891996383667,3.103482961654663
2025-01-25,0.9772719740867615,36.62107849121094,686.2684936523438,104714.6484375,0.3537760078907013,3317.26953125,256.0735778808594,5.0767951011657715,0.9998819828033447,3.109705924987793
2025-01-26,0.9548559784889221,35.85732650756836,666.7637939453125,102682.5,0.336326003074646,3236.13427734375,240.88345336914062,4.937158107757568,0.9996500015258789,3.0262279510498047
2025-01-27,0.9329429864883423,34.199623107910156,679.7933349609375,102087.6875,0.33382201194763184,3178.92041015625,235.07444763183594,5.010165214538574,0.9999600052833557,3.053184986114502
2025-01-28,0.9161149859428406,32.12329864501953,661.424560546875,101332.4765625,0.31907400488853455,3077.112548828125,227.20396423339844,4.790289878845215,0.9996489882469177,3.06112003326416
2025-01-29,0.9411270022392273,32.775238037109375,667.6857299804688,103703.2109375,0.32386401295661926,3112.9990234375,227.94493103027344,4.824810981750488,1.0001399517059326,3.068294048309326
2025-01-30,0.9610139727592468,34.310176849365234,677.5535888671875,104735.3046875,0.331508994102478,3247.780029296875,239.0231475830078,4.821636199951172,1.0001219511032104,3.1310689449310303
2025-01-31,0.9422289729118347,34.39764404296875,677.3753662109375,102405.0234375,0.32872799038887024,3298.26513671875,231.63790893554688,4.825504779815674,0.999770998954773,3.0354199409484863
2025-02-01,0.8979439735412598,32.1812629699707,653.4329223632812,100655.90625,0.30835700035095215,3118.32861328125,213.78501892089844,4.614688873291016,0.9998430013656616,2.8844690322875977
2025-02-02,0.8017399907112122,27.576316833496094,617.6006469726562,97688.9765625,0.26750901341438293,2868.69287109375,203.11962890625,4.046318054199219,0.9997599720954895,2.5797948837280273
2025-02-03,0.8115590214729309,28.41798210144043,617.1207885742188,101405.421875,0.28500398993492126,2884.566650390625,216.1495819091797,4.081182956695557,1.0010509490966797,2.7011559009552
2025-02-04,0.7463430166244507,26.524229049682617,573.3278198242188,97871.8203125,0.26414400339126587,2735.05126953125,207.09197998046875,3.793083906173706,1.0001579523086548,2.5354249477386475
2025-02-05,0.7332090139389038,25.872116088867188,569.7468872070312,96615.4453125,0.25623300671577454,2787.779052734375,195.98814392089844,3.7809131145477295,1.0001319646835327,2.382314920425415
2025-02-06,0.7050619721412659,24.507278442382812,572.2740478515625,96593.296875,0.24808399379253387,2688.40087890625,189.77249145507812,3.7384939193725586,1.0001699924468994,2.3268799781799316
2025-02-07,0.7070930004119873,24.450775146484375,578.0668334960938,96529.0859375,0.24661299586296082,2622.211181640625,192.20465087890625,3.7151660919189453,1.0003050565719604,2.393583059310913
2025-02-08,0.7018489837646484,24.599567413330078,613.32421875,96482.453125,0.25326600670814514,2632.308349609375,199.5998992919922,3.742913007736206,1.000236988067627,2.4243760108947754
2025-02-09,0.6827009916305542,24.912887573242188,616.64208984375,96500.09375,0.24929000437259674,2628.72119140625,200.49755859375,3.82179594039917,1.0001939535140991,2.396939992904663
2025-02-10,0.7106930017471313,25.63951873779297,618.3145141601562,97437.5546875,0.25525999069213867,2661.166748046875,200.35635375976562,3.815962076187134,1.0001349449157715,2.422696113586426
2025-02-11,0.7793989777565002,25.39145851135254,642.5872802734375,95747.4296875,0.2531220018863678,2602.781982421875,197.98236083984375,3.7456820011138916,0.9998599886894226,2.4142160415649414
2025-02-12,0.7992240190505981,26.493667602539062,698.037353515625,97885.859375,0.26412200927734375,2736.902099609375,196.7738037109375,3.8275609016418457,1.00006103515625,2.472835063934326
2025-02-13,0.8107420206069946,25.416154861450195,668.2775268554688,96623.8671875,0.26249200105667114,2675.902587890625,194.46095275878906,3.71207594871521,1.000161051750183,2.5625150203704834
2025-02-14,0.8005070090293884,26.39476776123047,658.0436401367188,97508.96875,0.271928995847702,2726.091552734375,199.9356689453125,3.8482890129089355,1.0000840425491333,2.7401959896087646
2025-02-15,0.7811099886894226,25.489839553833008,662.3276977539062,97580.3515625,0.27172398567199707,2693.559814453125,194.48208618164062,3.7947700023651123,1.0001540184020996,2.76157808303833
2025-02-16,0.772005021572113,24.837257385253906,674.100830078125,96175.03125,0.2657400071620941,2663.31591796875,188.4864044189453,3.7774879932403564,1.0000849962234497,2.7278249263763428
2025-02-17,0.8080250024795532,25.0288143157959,667.2290649414062,95773.3828125,0.2581480145454407,2743.19970703125,177.6897430419922,3.7601709365844727,0.9999330043792725,2.658273935317993
2025-02-18,0.7523630261421204,23.48827362060547,647.443359375,95539.546875,0.2509010136127472,2669.3388671875,169.08428955078125,3.6647510528564453,0.9993789792060852,2.558877944946289
2025-02-19,0.7729430198669434,23.72795867919922,653.5147094726562,96635.609375,0.2547680139541626,2715.77099609375,169.01080322265625,3.5427908897399902,0.9999290108680725,2.7408010959625244
2025-02-20,0.8044739961624146,25.14973258972168,657.2009887695312,98333.9375,0.2548600137233734,2740.386474609375,176.04888916015625,3.605386972427368,1.000331997871399,2.6908280849456787
2025-02-21,0.7613710165023804,24.5191650390625,646.8995361328125,96125.546875,0.23930799961090088,2659.655517578125,168.89163208007812,3.5608749389648438,0.9995219707489014,2.5701398849487305
2025-02-22,0.7744519710540771,25.816495895385742,668.5747680664062,96577.7578125,0.2467229962348938,2764.029296875,172.16285705566406,3.742216110229492,1.0002189874649048,2.5757060050964355
2025-02-23,0.7700409889221191,24.88555335998535,657.9036865234375,96273.921875,0.24302299320697784,2821.310302734375,168.03811645507812,3.766555070877075,1.0001150369644165,2.5770199298858643
2025-02-24,0.6822019815444946,21.88091278076172,613.9630126953125,91418.171875,0.21035900712013245,2513.8212890625,141.98948669433594,3.4125399589538574,0.999750018119812,2.2779290676116943
2025-02-25,0.6825820207595825,21.931367874145508,622.9407958984375,88736.171875,0.2123890072107315,2493.592529296875,144.10775756835938,3.548229932785034,0.9989879727363586,2.3207170963287354
2025-02-26,0.6450380086898804,21.797014236450195,610.6930541992188,84347.0234375,0.2055409997701645,2331.45263671875,134.83132934570312,3.49224591255188,1.0001970529556274,2.1924350261688232
2025-02-27,0.6455850005149841,22.493072509765625,605.1236572265625,84704.2265625,0.20682400465011597,2305.484375,137.6208038330078,3.415895938873291,0.9989799857139587,2.198647975921631
2025-02-28,0.6330509781837463,22.368793487548828,587.4515991210938,84373.0078125,0.20196300745010376,2237.9052734375,148.03001403808594,3.3278849124908447,0.9995290040969849,2.145595073699951
2025-03-01,0.6592649817466736,21.871139526367188,607.5115356445312,86031.9140625,0.20653699338436127,2216.643310546875,143.6757049560547,3.3242459297180176,0.9994490146636963,2.190603017807007
2025-03-02,1.1295030117034912,24.94097328186035,622.9360961914062,94248.3515625,0.2392670065164566,2519.694580078125,178.49549865722656,3.5094990730285645,1.0001250505447388,2.9369421005249023
2025-03-03,0.8552640080451965,20.9365177154541,575.1699829101562,86065.671875,0.19907599687576294,2145.573974609375,142.02108764648438,3.0641260147094727,0.9991940259933472,2.385741949081421
2025-03-04,0.941277027130127,20.008602142333984,583.5868530273438,87222.1953125,0.19914600253105164,2170.01513671875,144.9165802001953,3.1201999187469482,0.9996780157089233,2.455146074295044
2025-03-05,0.9753559827804565,21.728666305541992,597.975830078125,90623.5625,0.20472000539302826,2241.977294921875,146.26730346679688,3.0323879718780518,0.9999439716339111,2.500509023666382
2025-03-06,0.9075520038604736,21.02910804748535,596.7237548828125,89961.7265625,0.2017270028591156,2202.476806640625,143.355224609375,3.0397300720214844,1.0001460313796997,2.601728916168213
2025-03-07,0.8167999982833862,20.0969295501709,593.96337890625,86742.671875,0.19797299802303314,2138.987548828125,139.20913696289062,2.985650062561035,0.9995579719543457,2.3816239833831787
2025-03-08,0.8046919703483582,20.471092224121094,593.0808715820312,86154.59375,0.19217200577259064,2201.51025390625,136.94207763671875,2.953490972518921,0.9997190237045288,2.323438882827759
2025-03-09,0.7201489806175232,17.957881927490234,554.5804443359375,80601.0390625,0.16780300438404083,2015.5091552734375,126.43543243408203,2.647233009338379,0.9997329711914062,2.1345760822296143
2025-03-10,0.6725969910621643,16.28597068786621,532.1218872070312,78532.0,0.1540600061416626,1861.1513671875,118.291748046875,2.5285871028900146,0.9996799826622009,2.018294095993042
2025-03-11,0.722586989402771,17.47471809387207,551.4745483398438,82862.2109375,0.16416600346565247,1919.844970703125,125.26394653320312,2.637831926345825,0.9997760057449341,2.1669158935546875
2025-03-12,0.7354440093040466,18.89916229248047,569.8948364257812,83722.359375,0.17238099873065948,1908.982666015625,126.58324432373047,2.742500066757202,0.9996870160102844,2.240755081176758
2025-03-13,0.7022889852523804,18.499713897705078,579.2188110351562,81066.703125,0.1650650054216385,1862.9696044921875,123.28614807128906,2.763927936553955,0.9996259808540344,2.2510080337524414
2025-03-14,0.738315999507904,18.569934844970703,587.1362915039062,83969.1015625,0.17179900407791138,1909.467529296875,133.31448364257812,2.9210329055786133,1.0000289678573608,2.356442928314209
2025-03-15,0.7482889890670776,19.41447639465332,619.486083984375,84343.109375,0.1760679930448532,1937.3946533203125,135.91253662109375,3.592597007751465,1.0000439882278442,2.393238067626953
2025-03-16,0.7057639956474304,18.291139602661133,602.2166137695312,82579.6875,0.16823500394821167,1887.43505859375,125.98810577392578,3.446331024169922,1.0001120567321777,2.2978670597076416
2025-03-17,0.7180920243263245,18.832107543945312,631.3626098632812,84075.6875,0.17346499860286713,1927.0029296875,128.16371154785156,3.4547879695892334,1.0000309944152832,2.3406379222869873
2025-03-18,0.702081024646759,19.001611709594727,628.1344604492188,82718.5,0.16802899539470673,1932.54345703125,125.31269836425781,3.561460018157959,0.9998000264167786,2.2869598865509033
2025-03-19,0.7441999912261963,19.74834632873535,619.2575073242188,86854.2265625,0.1780650019645691,2057.7490234375,135.572509765625,3.6585988998413086,1.000290036201477,2.5458409786224365
2025-03-20,0.7175170183181763,18.730924606323242,629.9424438476562,84167.1953125,0.1693509966135025,1982.099853515625,127.49718475341797,3.6988348960876465,0.9994919896125793,2.434674024581909
2025-03-21,0.7051169872283936,19.154340744018555,634.6077880859375,84043.2421875,0.16706199944019318,1964.8475341796875,128.43031311035156,3.5820629596710205,0.9996479749679565,2.3792779445648193
2025-03-22,0.7009410262107849,19.420124053955078,626.5744018554688,83832.484375,0.16734300553798676,1980.037841796875,128.4849853515625,3.6704039573669434,0.9998779892921448,2.369823932647705
2025-03-23,0.7095080018043518,19.811660766601562,623.3494873046875,86054.375,0.17225299775600433,2005.2991943359375,132.5993194580078,3.679749011993408,1.0000170469284058,2.435492992401123
2025-03-24,0.7309949994087219,21.46042823791504,636.64453125,87498.9140625,0.18288899958133698,2077.47900390625,140.86927795410156,3.6617350578308105,1.000357985496521,2.448162078857422
2025-03-25,0.745199978351593,22.924375534057617,629.94287109375,87471.703125,0.1909099966287613,2067.76416015625,143.81707763671875,3.5976779460906982,1.0001879930496216,2.451349973678589
2025-03-26,0.7280619740486145,22.047786712646484,617.8167724609375,86900.8828125,0.19479799270629883,2009.1893310546875,137.28857421875,3.6968469619750977,1.0000519752502441,2.349087953567505
2025-03-27,0.737671971321106,22.000259399414062,637.2069702148438,87177.1015625,0.19049499928951263,2002.357421875,138.34738159179688,4.0359392166137695,0.9997180104255676,2.3382740020751953
2025-03-28,0.705551028251648,20.373674392700195,619.4749145507812,84353.1484375,0.18018999695777893,1895.5029296875,129.42315673828125,3.792680025100708,0.9995089769363403,2.204137086868286
2025-03-29,0.6739220023155212,19.654756546020508,603.2378540039062,82597.5859375,0.16956500709056854,1827.3203125,124.587646484375,3.698873996734619,0.9995909929275513,2.139949083328247
2025-03-30,0.6607080101966858,18.862831115722656,601.8302001953125,82334.5234375,0.16631899774074554,1806.2186279296875,124.64263153076172,3.8975141048431396,0.9998700022697449,2.1361429691314697
2025-03-31,0.6614469885826111,18.768949508666992,605.0728149414062,82548.9140625,0.16671499609947205,1823.47998046875,124.69412994384766,4.109617233276367,0.9997680187225342,2.0898969173431396
2025-04-01,0.6776549816131592,19.79265785217285,611.297119140625,85169.171875,0.17408600449562073,1905.491455078125,126.68238067626953,4.055872917175293,1.0,2.139611005783081
2025-04-02,0.641638994216919,18.013551712036133,590.6375732421875,82485.7109375,0.1641950011253357,1795.313232421875,117.75762939453125,3.8378899097442627,0.999796986579895,2.025067090988159
2025-04-03,0.6500589847564697,18.1337947845459,592.1244506835938,83102.828125,0.1620599925518036,1815.63720703125,117.06145477294922,3.5880990028381348,0.999567985534668,2.062467098236084
2025-04-04,0.6604490280151367,18.181718826293945,597.5794067382812,83843.8046875,0.171097993850708,1815.335205078125,122.78688049316406,3.4139420986175537,0.9996160268783569,2.128959894180298
2025-04-05,0.6546710133552551,17.891618728637695,593.1148681640625,83504.796875,0.16902700066566467,1805.9732666015625,120.25899505615234,3.258941888809204,0.9995840191841125,2.143731117248535
2025-04-06,0.5727930068969727,15.994715690612793,554.5949096679688,78214.484375,0.14884500205516815,1576.72802734375,105.7120132446289,2.9116880893707275,0.9992759823799133,1.917894959449768
2025-04-07,0.5854309797286987,16.694761276245117,554.4833984375,79235.3359375,0.14952099323272705,1555.240966796875,106.90277862548828,3.1061899662017822,0.9997730255126953,1.8977539539337158
2025-04-08,0.5578879714012146,16.121753692626953,553.4674072265625,76271.953125,0.14210699498653412,1472.5531005859375,105.51219177246094,2.9835689067840576,0.9989749789237976,1.7945679426193237
2025-04-09,0.631676971912384,18.44510269165039,582.3693237304688,82573.953125,0.16037100553512573,1668.0400390625,119.05754089355469,3.157809019088745,0.9996860027313232,2.0517380237579346
2025-04-10,0.609387993812561,18.330242156982422,577.4059448242188,79626.140625,0.15366600453853607,1522.518798828125,112.80392456054688,2.9131131172180176,0.9992910027503967,1.9664820432662964
2025-04-11,0.6241670250892639,19.161819458007812,586.0889892578125,83404.8359375,0.16008900105953217,1567.1497802734375,121.53237915039062,2.92679500579834,0.9994919896125793,2.0238869190216064
2025-04-12,0.6588519811630249,20.469505310058594,597.123046875,85287.109375,0.1676110029220581,1643.528564453125,132.26055908203125,2.982745885848999,0.9998840093612671,2.1586201190948486
2025-04-13,0.6380749940872192,19.586620330810547,584.04248046875,83684.9765625,0.16279199719429016,1596.685791015625,128.58079528808594,2.82041597366333,0.9996529817581177,2.120198965072632
2025-04-14,0.6348739862442017,20.091869354248047,584.335205078125,84542.390625,0.15850099921226501,1622.7698974609375,129.3103790283203,2.881824016571045,0.9996989965438843,2.12675404548645
2025-04-15,0.6091629862785339,19.03645896911621,579.68603515625,83668.9921875,0.15354999899864197,1588.6324462890625,126.26313018798828,2.854111909866333,0.9998840093612671,2.0885488986968994
2025-04-16,0.610418975353241,18.75917625427246,582.8062133789062,84033.8671875,0.1546880006790161,1578.1053466796875,131.44969177246094,2.8883469104766846,0.9999459981918335,2.0832419395446777
2025-04-17,0.6163049936294556,19.038515090942383,590.1621704101562,84895.75,0.15573999285697937,1582.54833984375,134.69874572753906,2.941425085067749,0.99993497133255,2.0664150714874268
2025-04-18,0.6274449825286865,19.073871612548828,591.7638549804688,84450.8046875,0.1576160043478012,1588.9246826171875,134.07350158691406,2.9950110912323,0.9997379779815674,2.0635271072387695
2025-04-19,0.6279540061950684,19.89363670349121,591.7767944335938,85063.4140625,0.15733300149440765,1612.9228515625,139.75025939941406,2.969773054122925,0.999879002571106,2.08732008934021
2025-04-20,0.6197819709777832,19.500951766967773,592.972412109375,85174.3046875,0.15518400073051453,1587.5142822265625,137.77459716796875,2.9972269535064697,0.9999120235443115,2.0770010948181152
2025-04-21,0.6239399909973145,19.92521095275879,597.4141845703125,87518.90625,0.15938800573349,1579.7344970703125,136.7043914794922,2.8952999114990234,0.9999399781227112,2.085515022277832
2025-04-22,0.680404007434845,22.08037757873535,618.8269653320312,93441.890625,0.1786479949951172,1757.3316650390625,148.73941040039062,3.085330009460449,1.00027596950531,2.215472936630249
2025-04-23,0.6975659728050232,22.338470458984375,605.8150024414062,93699.109375,0.17860500514507294,1796.104248046875,151.15272521972656,3.1742279529571533,1.0002959966659546,2.217355966567993
2025-04-24,0.72182697057724,22.357967376708984,601.7158203125,93943.796875,0.18245700001716614,1769.8316650390625,152.3036346435547,3.193337917327881,1.0002739429473877,2.2045440673828125
2025-04-25,0.7141410112380981,22.188095092773438,600.1810302734375,94720.5,0.1818300038576126,1786.634521484375,150.91500854492188,3.198668956756592,1.0006020069122314,2.183053970336914
2025-04-26,0.7075210213661194,22.42249870300293,607.7041015625,94646.9296875,0.18188999593257904,1821.881103515625,149.28936767578125,3.345710039138794,1.0003360509872437,2.1931889057159424
2025-04-27,0.7039750218391418,21.759990692138672,603.6184692382812,93754.84375,0.1796720027923584,1792.864990234375,148.24583435058594,3.2743079662323,1.0003470182418823,2.256237030029297
2025-04-28,0.7054799795150757,21.84221649169922,606.364990234375,94978.75,0.17895199358463287,1798.851806640625,147.8099365234375,3.275377035140991,1.0002670288085938,2.295137882232666
2025-04-29,0.6963300108909607,21.550371170043945,601.0289916992188,94284.7890625,0.17463600635528564,1799.1756591796875,146.42787170410156,3.191335916519165,1.0003050565719604,2.2408010959625244
2025-04-30,0.6819300055503845,20.909435272216797,599.6817016601562,94207.3125,0.1723400056362152,1793.775390625,147.64320373535156,3.1639809608459473,1.0001649856567383,2.191556930541992
